2026-03-10 16:17:05,607 - Phase5Scheduler - INFO - Starting scheduled daily data refresh...
2026-03-10 16:17:12,741 - Phase5Scheduler - INFO - Step 1: Scraping fund pages...
2026-03-10 16:17:25,863 - Phase5Scheduler - INFO - Step 2: Parsing scraped data...
2026-03-10 16:17:26,335 - Phase5Scheduler - INFO - Step 3: Fetching MFAPI metrics and NAV history...
2026-03-10 16:17:33,082 - Phase5Scheduler - INFO - Step 4: Applying static rules and guardrails...
2026-03-10 16:17:33,090 - Phase5Scheduler - INFO - Daily data refresh completed successfully!
2026-03-10 16:21:37,705 - Phase5Scheduler - INFO - Starting scheduled daily data refresh...
2026-03-10 16:21:44,005 - Phase5Scheduler - INFO - Step 1: Scraping fund pages...
2026-03-10 16:21:59,134 - Phase5Scheduler - INFO - Step 2: Parsing scraped data...
2026-03-10 16:21:59,613 - Phase5Scheduler - INFO - Step 3: Fetching MFAPI metrics and NAV history...
2026-03-10 16:22:06,411 - Phase5Scheduler - INFO - Step 4: Applying static rules and guardrails...
2026-03-10 16:22:06,419 - Phase5Scheduler - INFO - Daily data refresh completed successfully!
2026-03-10 16:26:15,991 - Phase5Scheduler - INFO - Starting scheduled daily data refresh...
2026-03-10 16:26:22,730 - Phase5Scheduler - INFO - Step 1: Scraping fund pages...
2026-03-10 16:26:36,075 - Phase5Scheduler - INFO - Step 2: Parsing scraped data...
2026-03-10 16:26:36,542 - Phase5Scheduler - INFO - Step 3: Fetching MFAPI metrics and NAV history...
2026-03-10 16:26:43,043 - Phase5Scheduler - INFO - Step 4: Applying static rules and guardrails...
2026-03-10 16:26:43,051 - Phase5Scheduler - INFO - Daily data refresh completed successfully!
2026-03-10 16:40:33,647 - Phase5Scheduler - INFO - Starting scheduled daily data refresh...
2026-03-10 16:40:38,753 - Phase5Scheduler - INFO - Step 1: Scraping fund pages...
2026-03-10 16:40:52,184 - Phase5Scheduler - INFO - Step 2: Parsing scraped data...
2026-03-10 16:40:52,606 - Phase5Scheduler - INFO - Step 3: Fetching MFAPI metrics and NAV history...
2026-03-10 16:40:59,844 - Phase5Scheduler - INFO - Step 4: Applying static rules and guardrails...
2026-03-10 16:40:59,851 - Phase5Scheduler - INFO - Daily data refresh completed successfully!
2026-03-10 16:49:36,080 - Phase5Scheduler - INFO - Starting scheduled daily data refresh...
2026-03-10 16:49:42,388 - Phase5Scheduler - INFO - Step 1: Scraping fund pages...
2026-03-10 16:49:58,457 - Phase5Scheduler - INFO - Step 2: Parsing scraped data...
2026-03-10 16:49:58,947 - Phase5Scheduler - INFO - Step 3: Fetching MFAPI metrics and NAV history...
2026-03-10 16:50:05,804 - Phase5Scheduler - INFO - Step 4: Applying static rules and guardrails...
2026-03-10 16:50:05,812 - Phase5Scheduler - INFO - Daily data refresh completed successfully!
2026-03-11 03:22:57,809 - Phase5Scheduler - INFO - Starting scheduled daily data refresh...
2026-03-11 03:23:04,811 - Phase5Scheduler - INFO - Step 1: Scraping fund pages...
2026-03-11 03:23:19,606 - Phase5Scheduler - INFO - Step 2: Parsing scraped data...
2026-03-11 03:23:20,122 - Phase5Scheduler - INFO - Step 3: Fetching MFAPI metrics and NAV history...
2026-03-11 03:23:26,901 - Phase5Scheduler - INFO - Step 4: Applying static rules and guardrails...
2026-03-11 03:23:26,909 - Phase5Scheduler - INFO - Daily data refresh completed successfully!
2026-03-11 05:36:56,137 - Phase5Scheduler - INFO - Starting scheduled daily data refresh...
2026-03-11 05:37:02,272 - Phase5Scheduler - INFO - Step 1: Scraping fund pages...
2026-03-11 05:37:17,615 - Phase5Scheduler - INFO - Step 2: Parsing scraped data...
2026-03-11 05:37:18,082 - Phase5Scheduler - INFO - Step 3: Fetching MFAPI metrics and NAV history...
2026-03-11 05:37:24,859 - Phase5Scheduler - INFO - Step 4: Applying static rules and guardrails...
2026-03-11 05:37:24,868 - Phase5Scheduler - INFO - Daily data refresh completed successfully!
2026-03-12 03:30:17,025 - Phase5Scheduler - INFO - Starting scheduled daily data refresh...
2026-03-12 03:30:23,605 - Phase5Scheduler - INFO - Step 1: Scraping fund pages...
2026-03-12 03:31:06,626 - Phase5Scheduler - INFO - Step 2: Parsing scraped data...
2026-03-12 03:31:07,106 - Phase5Scheduler - INFO - Step 3: Fetching MFAPI metrics and NAV history...
2026-03-12 03:31:14,282 - Phase5Scheduler - INFO - Step 4: Applying static rules and guardrails...
2026-03-12 03:31:14,290 - Phase5Scheduler - INFO - Daily data refresh completed successfully!
2026-03-13 03:26:04,852 - Phase5Scheduler - INFO - Starting scheduled daily data refresh...
2026-03-13 03:26:10,118 - Phase5Scheduler - INFO - Step 1: Scraping fund pages...
2026-03-13 03:26:23,320 - Phase5Scheduler - INFO - Step 2: Parsing scraped data...
2026-03-13 03:26:23,760 - Phase5Scheduler - INFO - Step 3: Fetching MFAPI metrics and NAV history...
2026-03-13 03:26:31,016 - Phase5Scheduler - INFO - Step 4: Applying static rules and guardrails...
2026-03-13 03:26:31,024 - Phase5Scheduler - INFO - Daily data refresh completed successfully!
2026-03-14 03:24:08,681 - Phase5Scheduler - INFO - Starting scheduled daily data refresh...
2026-03-14 03:24:15,131 - Phase5Scheduler - INFO - Step 1: Scraping fund pages...
2026-03-14 03:24:29,808 - Phase5Scheduler - INFO - Step 2: Parsing scraped data...
2026-03-14 03:24:30,265 - Phase5Scheduler - INFO - Step 3: Fetching MFAPI metrics and NAV history...
2026-03-14 03:24:37,420 - Phase5Scheduler - INFO - Step 4: Applying static rules and guardrails...
2026-03-14 03:24:37,428 - Phase5Scheduler - INFO - Daily data refresh completed successfully!
2026-03-15 03:48:24,476 - Phase5Scheduler - INFO - Starting scheduled daily data refresh...
2026-03-15 03:48:31,409 - Phase5Scheduler - INFO - Step 1: Scraping fund pages...
2026-03-15 03:48:45,639 - Phase5Scheduler - INFO - Step 2: Parsing scraped data...
2026-03-15 03:48:46,095 - Phase5Scheduler - INFO - Step 3: Fetching MFAPI metrics and NAV history...
2026-03-15 03:48:52,907 - Phase5Scheduler - INFO - Step 4: Applying static rules and guardrails...
2026-03-15 03:48:52,915 - Phase5Scheduler - INFO - Daily data refresh completed successfully!
2026-03-16 03:51:59,157 - Phase5Scheduler - INFO - Starting scheduled daily data refresh...
2026-03-16 03:52:05,537 - Phase5Scheduler - INFO - Step 1: Scraping fund pages...
2026-03-16 03:52:19,827 - Phase5Scheduler - INFO - Step 2: Parsing scraped data...
2026-03-16 03:52:20,307 - Phase5Scheduler - INFO - Step 3: Fetching MFAPI metrics and NAV history...
2026-03-16 03:52:27,226 - Phase5Scheduler - INFO - Step 4: Applying static rules and guardrails...
2026-03-16 03:52:27,234 - Phase5Scheduler - INFO - Daily data refresh completed successfully!
2026-03-17 03:30:38,552 - Phase5Scheduler - INFO - Starting scheduled daily data refresh...
2026-03-17 03:30:45,991 - Phase5Scheduler - INFO - Step 1: Scraping fund pages...
2026-03-17 03:31:00,562 - Phase5Scheduler - INFO - Step 2: Parsing scraped data...
2026-03-17 03:31:01,098 - Phase5Scheduler - INFO - Step 3: Fetching MFAPI metrics and NAV history...
2026-03-17 03:31:08,855 - Phase5Scheduler - INFO - Step 4: Applying static rules and guardrails...
2026-03-17 03:31:08,863 - Phase5Scheduler - INFO - Daily data refresh completed successfully!
2026-03-18 03:37:09,536 - Phase5Scheduler - INFO - Starting scheduled daily data refresh...
2026-03-18 03:37:17,179 - Phase5Scheduler - INFO - Step 1: Scraping fund pages...
2026-03-18 03:37:32,364 - Phase5Scheduler - INFO - Step 2: Parsing scraped data...
2026-03-18 03:37:32,837 - Phase5Scheduler - INFO - Step 3: Fetching MFAPI metrics and NAV history...
2026-03-18 03:37:44,596 - Phase5Scheduler - INFO - Step 4: Applying static rules and guardrails...
2026-03-18 03:37:44,604 - Phase5Scheduler - INFO - Daily data refresh completed successfully!
2026-03-19 03:38:18,448 - Phase5Scheduler - INFO - Starting scheduled daily data refresh...
2026-03-19 03:38:26,170 - Phase5Scheduler - INFO - Step 1: Scraping fund pages...
2026-03-19 03:38:41,751 - Phase5Scheduler - INFO - Step 2: Parsing scraped data...
2026-03-19 03:38:42,060 - Phase5Scheduler - INFO - Step 3: Fetching MFAPI metrics and NAV history...
2026-03-19 03:38:48,968 - Phase5Scheduler - INFO - Step 4: Applying static rules and guardrails...
2026-03-19 03:38:48,976 - Phase5Scheduler - INFO - Daily data refresh completed successfully!
2026-03-20 03:27:23,909 - Phase5Scheduler - INFO - Starting scheduled daily data refresh...
2026-03-20 03:27:31,285 - Phase5Scheduler - INFO - Step 1: Scraping fund pages...
2026-03-20 03:27:47,409 - Phase5Scheduler - INFO - Step 2: Parsing scraped data...
2026-03-20 03:27:47,910 - Phase5Scheduler - INFO - Step 3: Fetching MFAPI metrics and NAV history...
2026-03-20 03:27:55,229 - Phase5Scheduler - INFO - Step 4: Applying static rules and guardrails...
2026-03-20 03:27:55,237 - Phase5Scheduler - INFO - Daily data refresh completed successfully!
2026-03-21 03:16:09,736 - Phase5Scheduler - INFO - Starting scheduled daily data refresh...
2026-03-21 03:16:15,461 - Phase5Scheduler - INFO - Step 1: Scraping fund pages...
2026-03-21 03:16:28,824 - Phase5Scheduler - INFO - Step 2: Parsing scraped data...
2026-03-21 03:16:29,255 - Phase5Scheduler - INFO - Step 3: Fetching MFAPI metrics and NAV history...
2026-03-21 03:16:36,367 - Phase5Scheduler - INFO - Step 4: Applying static rules and guardrails...
2026-03-21 03:16:36,374 - Phase5Scheduler - INFO - Daily data refresh completed successfully!
2026-03-22 03:36:20,188 - Phase5Scheduler - INFO - Starting scheduled daily data refresh...
2026-03-22 03:36:26,232 - Phase5Scheduler - INFO - Step 1: Scraping fund pages...
2026-03-22 03:36:39,255 - Phase5Scheduler - INFO - Step 2: Parsing scraped data...
2026-03-22 03:36:39,743 - Phase5Scheduler - INFO - Step 3: Fetching MFAPI metrics and NAV history...
2026-03-22 03:36:46,230 - Phase5Scheduler - INFO - Step 4: Applying static rules and guardrails...
2026-03-22 03:36:46,238 - Phase5Scheduler - INFO - Daily data refresh completed successfully!
2026-03-23 03:40:46,396 - Phase5Scheduler - INFO - Starting scheduled daily data refresh...
2026-03-23 03:40:52,946 - Phase5Scheduler - INFO - Step 1: Scraping fund pages...
2026-03-23 03:41:06,422 - Phase5Scheduler - INFO - Step 2: Parsing scraped data...
2026-03-23 03:41:06,893 - Phase5Scheduler - INFO - Step 3: Fetching MFAPI metrics and NAV history...
2026-03-23 03:41:18,105 - Phase5Scheduler - INFO - Step 4: Applying static rules and guardrails...
2026-03-23 03:41:18,113 - Phase5Scheduler - INFO - Daily data refresh completed successfully!
2026-03-24 03:31:38,067 - Phase5Scheduler - INFO - Starting scheduled daily data refresh...
2026-03-24 03:31:45,068 - Phase5Scheduler - INFO - Step 1: Scraping fund pages...
2026-03-24 03:31:59,346 - Phase5Scheduler - INFO - Step 2: Parsing scraped data...
2026-03-24 03:31:59,840 - Phase5Scheduler - INFO - Step 3: Fetching MFAPI metrics and NAV history...
2026-03-24 03:32:37,350 - Phase5Scheduler - INFO - Step 4: Applying static rules and guardrails...
2026-03-24 03:32:37,358 - Phase5Scheduler - INFO - Daily data refresh completed successfully!
2026-03-25 03:35:21,334 - Phase5Scheduler - INFO - Starting scheduled daily data refresh...
2026-03-25 03:35:28,301 - Phase5Scheduler - INFO - Step 1: Scraping fund pages...
2026-03-25 03:35:43,080 - Phase5Scheduler - INFO - Step 2: Parsing scraped data...
2026-03-25 03:35:43,577 - Phase5Scheduler - INFO - Step 3: Fetching MFAPI metrics and NAV history...
2026-03-25 03:36:22,211 - Phase5Scheduler - INFO - Step 4: Applying static rules and guardrails...
2026-03-25 03:36:22,215 - Phase5Scheduler - INFO - Daily data refresh completed successfully!
2026-03-26 03:44:26,480 - Phase5Scheduler - INFO - Starting scheduled daily data refresh...
2026-03-26 03:44:32,565 - Phase5Scheduler - INFO - Step 1: Scraping fund pages...
2026-03-26 03:44:47,494 - Phase5Scheduler - INFO - Step 2: Parsing scraped data...
2026-03-26 03:44:47,936 - Phase5Scheduler - INFO - Step 3: Fetching MFAPI metrics and NAV history...
2026-03-26 03:44:54,667 - Phase5Scheduler - INFO - Step 4: Applying static rules and guardrails...
2026-03-26 03:44:54,675 - Phase5Scheduler - INFO - Daily data refresh completed successfully!
2026-03-27 03:46:50,693 - Phase5Scheduler - INFO - Starting scheduled daily data refresh...
2026-03-27 03:46:57,616 - Phase5Scheduler - INFO - Step 1: Scraping fund pages...
2026-03-27 03:47:12,615 - Phase5Scheduler - INFO - Step 2: Parsing scraped data...
2026-03-27 03:47:13,094 - Phase5Scheduler - INFO - Step 3: Fetching MFAPI metrics and NAV history...
2026-03-27 03:47:19,442 - Phase5Scheduler - INFO - Step 4: Applying static rules and guardrails...
2026-03-27 03:47:19,588 - Phase5Scheduler - INFO - Daily data refresh completed successfully!
2026-03-28 03:32:58,220 - Phase5Scheduler - INFO - Starting scheduled daily data refresh...
2026-03-28 03:33:04,756 - Phase5Scheduler - INFO - Step 1: Scraping fund pages...
2026-03-28 03:33:21,160 - Phase5Scheduler - INFO - Step 2: Parsing scraped data...
2026-03-28 03:33:21,628 - Phase5Scheduler - INFO - Step 3: Fetching MFAPI metrics and NAV history...
2026-03-28 03:33:28,265 - Phase5Scheduler - INFO - Step 4: Applying static rules and guardrails...
2026-03-28 03:33:28,522 - Phase5Scheduler - INFO - Daily data refresh completed successfully!
2026-03-29 03:52:58,160 - Phase5Scheduler - INFO - Starting scheduled daily data refresh...
2026-03-29 03:53:04,943 - Phase5Scheduler - INFO - Step 1: Scraping fund pages...
2026-03-29 03:53:18,705 - Phase5Scheduler - INFO - Step 2: Parsing scraped data...
2026-03-29 03:53:19,183 - Phase5Scheduler - INFO - Step 3: Fetching MFAPI metrics and NAV history...
2026-03-29 03:53:24,973 - Phase5Scheduler - INFO - Step 4: Applying static rules and guardrails...
2026-03-29 03:53:24,980 - Phase5Scheduler - INFO - Daily data refresh completed successfully!
2026-03-30 03:56:34,815 - Phase5Scheduler - INFO - Starting scheduled daily data refresh...
2026-03-30 03:56:43,367 - Phase5Scheduler - INFO - Step 1: Scraping fund pages...
2026-03-30 03:56:58,480 - Phase5Scheduler - INFO - Step 2: Parsing scraped data...
2026-03-30 03:56:58,957 - Phase5Scheduler - INFO - Step 3: Fetching MFAPI metrics and NAV history...
2026-03-30 03:57:04,771 - Phase5Scheduler - INFO - Step 4: Applying static rules and guardrails...
2026-03-30 03:57:04,777 - Phase5Scheduler - INFO - Daily data refresh completed successfully!
2026-03-31 03:47:30,293 - Phase5Scheduler - INFO - Starting scheduled daily data refresh...
2026-03-31 03:47:36,051 - Phase5Scheduler - INFO - Step 1: Scraping fund pages...
2026-03-31 03:47:51,272 - Phase5Scheduler - INFO - Step 2: Parsing scraped data...
2026-03-31 03:47:51,701 - Phase5Scheduler - INFO - Step 3: Fetching MFAPI metrics and NAV history...
2026-03-31 03:47:58,038 - Phase5Scheduler - INFO - Step 4: Applying static rules and guardrails...
2026-03-31 03:47:58,045 - Phase5Scheduler - INFO - Daily data refresh completed successfully!
2026-04-01 03:59:16,994 - Phase5Scheduler - INFO - Starting scheduled daily data refresh...
2026-04-01 03:59:24,032 - Phase5Scheduler - INFO - Step 1: Scraping fund pages...
2026-04-01 03:59:39,807 - Phase5Scheduler - INFO - Step 2: Parsing scraped data...
2026-04-01 03:59:40,321 - Phase5Scheduler - INFO - Step 3: Fetching MFAPI metrics and NAV history...
2026-04-01 03:59:47,096 - Phase5Scheduler - INFO - Step 4: Applying static rules and guardrails...
2026-04-01 03:59:47,103 - Phase5Scheduler - INFO - Daily data refresh completed successfully!
2026-04-02 03:40:35,231 - Phase5Scheduler - INFO - Starting scheduled daily data refresh...
2026-04-02 03:40:42,461 - Phase5Scheduler - INFO - Step 1: Scraping fund pages...
2026-04-02 03:40:57,319 - Phase5Scheduler - INFO - Step 2: Parsing scraped data...
2026-04-02 03:40:57,830 - Phase5Scheduler - INFO - Step 3: Fetching MFAPI metrics and NAV history...
2026-04-02 03:41:03,841 - Phase5Scheduler - INFO - Step 4: Applying static rules and guardrails...
2026-04-02 03:41:03,849 - Phase5Scheduler - INFO - Daily data refresh completed successfully!
2026-04-03 03:42:05,567 - Phase5Scheduler - INFO - Starting scheduled daily data refresh...
2026-04-03 03:42:12,725 - Phase5Scheduler - INFO - Step 1: Scraping fund pages...
2026-04-03 03:42:27,871 - Phase5Scheduler - INFO - Step 2: Parsing scraped data...
2026-04-03 03:42:28,393 - Phase5Scheduler - INFO - Step 3: Fetching MFAPI metrics and NAV history...
2026-04-03 03:42:33,997 - Phase5Scheduler - INFO - Step 4: Applying static rules and guardrails...
2026-04-03 03:42:34,004 - Phase5Scheduler - INFO - Daily data refresh completed successfully!
2026-04-04 03:29:44,971 - Phase5Scheduler - INFO - Starting scheduled daily data refresh...
2026-04-04 03:29:51,242 - Phase5Scheduler - INFO - Step 1: Scraping fund pages...
2026-04-04 03:30:04,234 - Phase5Scheduler - INFO - Step 2: Parsing scraped data...
2026-04-04 03:30:04,736 - Phase5Scheduler - INFO - Step 3: Fetching MFAPI metrics and NAV history...
2026-04-04 03:30:10,699 - Phase5Scheduler - INFO - Step 4: Applying static rules and guardrails...
2026-04-04 03:30:10,705 - Phase5Scheduler - INFO - Daily data refresh completed successfully!
2026-04-05 03:51:53,008 - Phase5Scheduler - INFO - Starting scheduled daily data refresh...
2026-04-05 03:51:59,363 - Phase5Scheduler - INFO - Step 1: Scraping fund pages...
2026-04-05 03:52:13,873 - Phase5Scheduler - INFO - Step 2: Parsing scraped data...
2026-04-05 03:52:14,365 - Phase5Scheduler - INFO - Step 3: Fetching MFAPI metrics and NAV history...
2026-04-05 03:52:20,799 - Phase5Scheduler - INFO - Step 4: Applying static rules and guardrails...
2026-04-05 03:52:20,809 - Phase5Scheduler - INFO - Daily data refresh completed successfully!
2026-04-06 03:55:43,624 - Phase5Scheduler - INFO - Starting scheduled daily data refresh...
2026-04-06 03:55:48,636 - Phase5Scheduler - INFO - Step 1: Scraping fund pages...
2026-04-06 03:56:01,743 - Phase5Scheduler - INFO - Step 2: Parsing scraped data...
2026-04-06 03:56:02,173 - Phase5Scheduler - INFO - Step 3: Fetching MFAPI metrics and NAV history...
2026-04-06 03:56:08,655 - Phase5Scheduler - INFO - Step 4: Applying static rules and guardrails...
2026-04-06 03:56:08,664 - Phase5Scheduler - INFO - Daily data refresh completed successfully!
2026-04-07 03:46:00,020 - Phase5Scheduler - INFO - Starting scheduled daily data refresh...
2026-04-07 03:46:05,902 - Phase5Scheduler - INFO - Step 1: Scraping fund pages...
2026-04-07 03:46:19,573 - Phase5Scheduler - INFO - Step 2: Parsing scraped data...
2026-04-07 03:46:20,062 - Phase5Scheduler - INFO - Step 3: Fetching MFAPI metrics and NAV history...
2026-04-07 03:46:25,693 - Phase5Scheduler - INFO - Step 4: Applying static rules and guardrails...
2026-04-07 03:46:25,700 - Phase5Scheduler - INFO - Daily data refresh completed successfully!
2026-04-08 03:48:45,631 - Phase5Scheduler - INFO - Starting scheduled daily data refresh...
2026-04-08 03:48:52,318 - Phase5Scheduler - INFO - Step 1: Scraping fund pages...
2026-04-08 03:49:05,694 - Phase5Scheduler - INFO - Step 2: Parsing scraped data...
2026-04-08 03:49:06,206 - Phase5Scheduler - INFO - Step 3: Fetching MFAPI metrics and NAV history...
2026-04-08 03:49:12,265 - Phase5Scheduler - INFO - Step 4: Applying static rules and guardrails...
2026-04-08 03:49:12,271 - Phase5Scheduler - INFO - Daily data refresh completed successfully!
2026-04-09 03:43:35,928 - Phase5Scheduler - INFO - Starting scheduled daily data refresh...
2026-04-09 03:43:42,996 - Phase5Scheduler - INFO - Step 1: Scraping fund pages...
2026-04-09 03:43:57,907 - Phase5Scheduler - INFO - Step 2: Parsing scraped data...
2026-04-09 03:43:58,393 - Phase5Scheduler - INFO - Step 3: Fetching MFAPI metrics and NAV history...
2026-04-09 03:44:04,446 - Phase5Scheduler - INFO - Step 4: Applying static rules and guardrails...
2026-04-09 03:44:04,453 - Phase5Scheduler - INFO - Daily data refresh completed successfully!
2026-04-10 03:57:06,540 - Phase5Scheduler - INFO - Starting scheduled daily data refresh...
2026-04-10 03:57:13,689 - Phase5Scheduler - INFO - Step 1: Scraping fund pages...
2026-04-10 03:57:26,447 - Phase5Scheduler - INFO - Step 2: Parsing scraped data...
2026-04-10 03:57:26,913 - Phase5Scheduler - INFO - Step 3: Fetching MFAPI metrics and NAV history...
2026-04-10 03:57:32,881 - Phase5Scheduler - INFO - Step 4: Applying static rules and guardrails...
2026-04-10 03:57:32,888 - Phase5Scheduler - INFO - Daily data refresh completed successfully!
2026-04-11 03:33:57,018 - Phase5Scheduler - INFO - Starting scheduled daily data refresh...
2026-04-11 03:34:03,430 - Phase5Scheduler - INFO - Step 1: Scraping fund pages...
2026-04-11 03:34:16,600 - Phase5Scheduler - INFO - Step 2: Parsing scraped data...
2026-04-11 03:34:17,077 - Phase5Scheduler - INFO - Step 3: Fetching MFAPI metrics and NAV history...
2026-04-11 03:34:23,258 - Phase5Scheduler - INFO - Step 4: Applying static rules and guardrails...
2026-04-11 03:34:23,265 - Phase5Scheduler - INFO - Daily data refresh completed successfully!
2026-04-12 04:00:57,504 - Phase5Scheduler - INFO - Starting scheduled daily data refresh...
2026-04-12 04:01:04,692 - Phase5Scheduler - INFO - Step 1: Scraping fund pages...
2026-04-12 04:01:18,923 - Phase5Scheduler - INFO - Step 2: Parsing scraped data...
2026-04-12 04:01:19,433 - Phase5Scheduler - INFO - Step 3: Fetching MFAPI metrics and NAV history...
2026-04-12 04:01:25,508 - Phase5Scheduler - INFO - Step 4: Applying static rules and guardrails...
2026-04-12 04:01:25,515 - Phase5Scheduler - INFO - Daily data refresh completed successfully!
2026-04-13 04:17:00,868 - Phase5Scheduler - INFO - Starting scheduled daily data refresh...
2026-04-13 04:17:06,822 - Phase5Scheduler - INFO - Step 1: Scraping fund pages...
2026-04-13 04:17:20,179 - Phase5Scheduler - INFO - Step 2: Parsing scraped data...
2026-04-13 04:17:20,626 - Phase5Scheduler - INFO - Step 3: Fetching MFAPI metrics and NAV history...
2026-04-13 04:18:29,186 - Phase5Scheduler - INFO - Step 4: Applying static rules and guardrails...
2026-04-13 04:18:29,189 - Phase5Scheduler - INFO - Daily data refresh completed successfully!
2026-04-14 03:58:38,100 - Phase5Scheduler - INFO - Starting scheduled daily data refresh...
2026-04-14 03:58:44,717 - Phase5Scheduler - INFO - Step 1: Scraping fund pages...
2026-04-14 03:58:59,702 - Phase5Scheduler - INFO - Step 2: Parsing scraped data...
2026-04-14 03:59:00,186 - Phase5Scheduler - INFO - Step 3: Fetching MFAPI metrics and NAV history...
2026-04-14 03:59:06,359 - Phase5Scheduler - INFO - Step 4: Applying static rules and guardrails...
2026-04-14 03:59:06,660 - Phase5Scheduler - INFO - Daily data refresh completed successfully!
2026-04-15 03:57:25,978 - Phase5Scheduler - INFO - Starting scheduled daily data refresh...
2026-04-15 03:57:32,787 - Phase5Scheduler - INFO - Step 1: Scraping fund pages...
2026-04-15 03:57:46,355 - Phase5Scheduler - INFO - Step 2: Parsing scraped data...
2026-04-15 03:57:46,838 - Phase5Scheduler - INFO - Step 3: Fetching MFAPI metrics and NAV history...
2026-04-15 03:57:53,369 - Phase5Scheduler - INFO - Step 4: Applying static rules and guardrails...
2026-04-15 03:57:53,377 - Phase5Scheduler - INFO - Daily data refresh completed successfully!
2026-04-16 04:12:21,749 - Phase5Scheduler - INFO - Starting scheduled daily data refresh...
2026-04-16 04:12:28,830 - Phase5Scheduler - INFO - Step 1: Scraping fund pages...
2026-04-16 04:12:42,576 - Phase5Scheduler - INFO - Step 2: Parsing scraped data...
2026-04-16 04:12:43,051 - Phase5Scheduler - INFO - Step 3: Fetching MFAPI metrics and NAV history...
2026-04-16 04:12:50,112 - Phase5Scheduler - INFO - Step 4: Applying static rules and guardrails...
2026-04-16 04:12:50,466 - Phase5Scheduler - INFO - Daily data refresh completed successfully!
2026-04-17 04:00:55,921 - Phase5Scheduler - INFO - Starting scheduled daily data refresh...
2026-04-17 04:01:02,458 - Phase5Scheduler - INFO - Step 1: Scraping fund pages...
2026-04-17 04:01:16,484 - Phase5Scheduler - INFO - Step 2: Parsing scraped data...
2026-04-17 04:01:16,933 - Phase5Scheduler - INFO - Step 3: Fetching MFAPI metrics and NAV history...
2026-04-17 04:01:23,685 - Phase5Scheduler - INFO - Step 4: Applying static rules and guardrails...
2026-04-17 04:01:23,693 - Phase5Scheduler - INFO - Daily data refresh completed successfully!
2026-04-18 03:45:27,373 - Phase5Scheduler - INFO - Starting scheduled daily data refresh...
2026-04-18 03:45:34,452 - Phase5Scheduler - INFO - Step 1: Scraping fund pages...
2026-04-18 03:45:48,077 - Phase5Scheduler - INFO - Step 2: Parsing scraped data...
2026-04-18 03:45:48,553 - Phase5Scheduler - INFO - Step 3: Fetching MFAPI metrics and NAV history...
2026-04-18 03:45:55,363 - Phase5Scheduler - INFO - Step 4: Applying static rules and guardrails...
2026-04-18 03:45:55,398 - Phase5Scheduler - INFO - Daily data refresh completed successfully!
2026-04-19 04:12:24,889 - Phase5Scheduler - INFO - Starting scheduled daily data refresh...
2026-04-19 04:12:31,165 - Phase5Scheduler - INFO - Step 1: Scraping fund pages...
2026-04-19 04:13:31,844 - Phase5Scheduler - INFO - Step 2: Parsing scraped data...
2026-04-19 04:13:32,324 - Phase5Scheduler - INFO - Step 3: Fetching MFAPI metrics and NAV history...
2026-04-19 04:13:38,987 - Phase5Scheduler - INFO - Step 4: Applying static rules and guardrails...
2026-04-19 04:13:38,995 - Phase5Scheduler - INFO - Daily data refresh completed successfully!
2026-04-20 04:16:47,577 - Phase5Scheduler - INFO - Starting scheduled daily data refresh...
2026-04-20 04:16:53,496 - Phase5Scheduler - INFO - Step 1: Scraping fund pages...
2026-04-20 04:17:06,443 - Phase5Scheduler - INFO - Step 2: Parsing scraped data...
2026-04-20 04:17:06,916 - Phase5Scheduler - INFO - Step 3: Fetching MFAPI metrics and NAV history...
2026-04-20 04:17:13,190 - Phase5Scheduler - INFO - Step 4: Applying static rules and guardrails...
2026-04-20 04:17:13,223 - Phase5Scheduler - INFO - Daily data refresh completed successfully!
2026-04-21 04:00:56,479 - Phase5Scheduler - INFO - Starting scheduled daily data refresh...
2026-04-21 04:01:03,345 - Phase5Scheduler - INFO - Step 1: Scraping fund pages...
2026-04-21 04:01:18,460 - Phase5Scheduler - INFO - Step 2: Parsing scraped data...
2026-04-21 04:01:18,950 - Phase5Scheduler - INFO - Step 3: Fetching MFAPI metrics and NAV history...
2026-04-21 04:01:26,299 - Phase5Scheduler - INFO - Step 4: Applying static rules and guardrails...
2026-04-21 04:01:26,307 - Phase5Scheduler - INFO - Daily data refresh completed successfully!
2026-04-22 03:57:21,561 - Phase5Scheduler - INFO - Starting scheduled daily data refresh...
2026-04-22 03:57:28,703 - Phase5Scheduler - INFO - Step 1: Scraping fund pages...
2026-04-22 03:58:29,572 - Phase5Scheduler - INFO - Step 2: Parsing scraped data...
2026-04-22 03:58:30,063 - Phase5Scheduler - INFO - Step 3: Fetching MFAPI metrics and NAV history...
2026-04-22 03:58:36,607 - Phase5Scheduler - INFO - Step 4: Applying static rules and guardrails...
2026-04-22 03:58:36,615 - Phase5Scheduler - INFO - Daily data refresh completed successfully!
2026-04-23 04:02:00,530 - Phase5Scheduler - INFO - Starting scheduled daily data refresh...
2026-04-23 04:02:08,041 - Phase5Scheduler - INFO - Step 1: Scraping fund pages...
2026-04-23 04:02:25,642 - Phase5Scheduler - INFO - Step 2: Parsing scraped data...
2026-04-23 04:02:26,141 - Phase5Scheduler - INFO - Step 3: Fetching MFAPI metrics and NAV history...
2026-04-23 04:02:32,586 - Phase5Scheduler - INFO - Step 4: Applying static rules and guardrails...
2026-04-23 04:02:32,594 - Phase5Scheduler - INFO - Daily data refresh completed successfully!
2026-04-24 04:15:10,452 - Phase5Scheduler - INFO - Starting scheduled daily data refresh...
2026-04-24 04:15:17,311 - Phase5Scheduler - INFO - Step 1: Scraping fund pages...
2026-04-24 04:15:30,778 - Phase5Scheduler - INFO - Step 2: Parsing scraped data...
2026-04-24 04:15:31,306 - Phase5Scheduler - INFO - Step 3: Fetching MFAPI metrics and NAV history...
2026-04-24 04:15:37,755 - Phase5Scheduler - INFO - Step 4: Applying static rules and guardrails...
2026-04-24 04:15:37,762 - Phase5Scheduler - INFO - Daily data refresh completed successfully!
2026-04-25 03:49:25,189 - Phase5Scheduler - INFO - Starting scheduled daily data refresh...
2026-04-25 03:49:32,277 - Phase5Scheduler - INFO - Step 1: Scraping fund pages...
2026-04-25 03:49:47,050 - Phase5Scheduler - INFO - Step 2: Parsing scraped data...
2026-04-25 03:49:47,577 - Phase5Scheduler - INFO - Step 3: Fetching MFAPI metrics and NAV history...
2026-04-25 03:49:53,572 - Phase5Scheduler - INFO - Step 4: Applying static rules and guardrails...
2026-04-25 03:49:53,580 - Phase5Scheduler - INFO - Daily data refresh completed successfully!
2026-04-26 04:20:26,680 - Phase5Scheduler - INFO - Starting scheduled daily data refresh...
2026-04-26 04:20:33,776 - Phase5Scheduler - INFO - Step 1: Scraping fund pages...
2026-04-26 04:20:48,231 - Phase5Scheduler - INFO - Step 2: Parsing scraped data...
2026-04-26 04:20:48,787 - Phase5Scheduler - INFO - Step 3: Fetching MFAPI metrics and NAV history...
2026-04-26 04:20:55,154 - Phase5Scheduler - INFO - Step 4: Applying static rules and guardrails...
2026-04-26 04:20:55,162 - Phase5Scheduler - INFO - Daily data refresh completed successfully!
2026-04-27 04:27:44,054 - Phase5Scheduler - INFO - Starting scheduled daily data refresh...
2026-04-27 04:27:50,954 - Phase5Scheduler - INFO - Step 1: Scraping fund pages...
2026-04-27 04:28:05,641 - Phase5Scheduler - INFO - Step 2: Parsing scraped data...
2026-04-27 04:28:06,182 - Phase5Scheduler - INFO - Step 3: Fetching MFAPI metrics and NAV history...
2026-04-27 04:28:12,795 - Phase5Scheduler - INFO - Step 4: Applying static rules and guardrails...
2026-04-27 04:28:12,804 - Phase5Scheduler - INFO - Daily data refresh completed successfully!
2026-04-28 04:31:06,291 - Phase5Scheduler - INFO - Starting scheduled daily data refresh...
2026-04-28 04:31:12,869 - Phase5Scheduler - INFO - Step 1: Scraping fund pages...
2026-04-28 04:31:30,477 - Phase5Scheduler - INFO - Step 2: Parsing scraped data...
2026-04-28 04:31:31,059 - Phase5Scheduler - INFO - Step 3: Fetching MFAPI metrics and NAV history...
2026-04-28 04:31:38,138 - Phase5Scheduler - INFO - Step 4: Applying static rules and guardrails...
2026-04-28 04:31:38,146 - Phase5Scheduler - INFO - Daily data refresh completed successfully!
2026-04-29 04:26:01,487 - Phase5Scheduler - INFO - Starting scheduled daily data refresh...
2026-04-29 04:26:08,148 - Phase5Scheduler - INFO - Step 1: Scraping fund pages...
2026-04-29 04:26:21,923 - Phase5Scheduler - INFO - Step 2: Parsing scraped data...
2026-04-29 04:26:22,479 - Phase5Scheduler - INFO - Step 3: Fetching MFAPI metrics and NAV history...
2026-04-29 04:26:29,534 - Phase5Scheduler - INFO - Step 4: Applying static rules and guardrails...
2026-04-29 04:26:29,542 - Phase5Scheduler - INFO - Daily data refresh completed successfully!
2026-04-30 04:29:00,416 - Phase5Scheduler - INFO - Starting scheduled daily data refresh...
2026-04-30 04:29:07,117 - Phase5Scheduler - INFO - Step 1: Scraping fund pages...
2026-04-30 04:29:20,141 - Phase5Scheduler - INFO - Step 2: Parsing scraped data...
2026-04-30 04:29:20,639 - Phase5Scheduler - INFO - Step 3: Fetching MFAPI metrics and NAV history...
2026-04-30 04:29:27,185 - Phase5Scheduler - INFO - Step 4: Applying static rules and guardrails...
2026-04-30 04:29:27,193 - Phase5Scheduler - INFO - Daily data refresh completed successfully!
2026-05-01 04:45:53,440 - Phase5Scheduler - INFO - Starting scheduled daily data refresh...
2026-05-01 04:46:00,407 - Phase5Scheduler - INFO - Step 1: Scraping fund pages...
2026-05-01 04:46:13,891 - Phase5Scheduler - INFO - Step 2: Parsing scraped data...
2026-05-01 04:46:14,454 - Phase5Scheduler - INFO - Step 3: Fetching MFAPI metrics and NAV history...
2026-05-01 04:46:20,515 - Phase5Scheduler - INFO - Step 4: Applying static rules and guardrails...
2026-05-01 04:46:20,523 - Phase5Scheduler - INFO - Daily data refresh completed successfully!
2026-05-02 04:16:13,107 - Phase5Scheduler - INFO - Starting scheduled daily data refresh...
2026-05-02 04:16:18,888 - Phase5Scheduler - INFO - Step 1: Scraping fund pages...
2026-05-02 04:16:32,097 - Phase5Scheduler - INFO - Step 2: Parsing scraped data...
2026-05-02 04:16:32,619 - Phase5Scheduler - INFO - Step 3: Fetching MFAPI metrics and NAV history...
2026-05-02 04:16:38,773 - Phase5Scheduler - INFO - Step 4: Applying static rules and guardrails...
2026-05-02 04:16:38,782 - Phase5Scheduler - INFO - Daily data refresh completed successfully!
2026-05-03 04:37:24,301 - Phase5Scheduler - INFO - Starting scheduled daily data refresh...
2026-05-03 04:37:31,589 - Phase5Scheduler - INFO - Step 1: Scraping fund pages...
2026-05-03 04:37:46,239 - Phase5Scheduler - INFO - Step 2: Parsing scraped data...
2026-05-03 04:37:46,800 - Phase5Scheduler - INFO - Step 3: Fetching MFAPI metrics and NAV history...
2026-05-03 04:37:52,961 - Phase5Scheduler - INFO - Step 4: Applying static rules and guardrails...
2026-05-03 04:37:52,969 - Phase5Scheduler - INFO - Daily data refresh completed successfully!
2026-05-04 04:37:58,350 - Phase5Scheduler - INFO - Starting scheduled daily data refresh...
2026-05-04 04:38:05,427 - Phase5Scheduler - INFO - Step 1: Scraping fund pages...
2026-05-04 04:38:19,806 - Phase5Scheduler - INFO - Step 2: Parsing scraped data...
2026-05-04 04:38:20,335 - Phase5Scheduler - INFO - Step 3: Fetching MFAPI metrics and NAV history...
2026-05-04 04:38:27,826 - Phase5Scheduler - INFO - Step 4: Applying static rules and guardrails...
2026-05-04 04:38:27,834 - Phase5Scheduler - INFO - Daily data refresh completed successfully!
2026-05-05 04:13:45,964 - Phase5Scheduler - INFO - Starting scheduled daily data refresh...
2026-05-05 04:13:52,768 - Phase5Scheduler - INFO - Step 1: Scraping fund pages...
2026-05-05 04:14:07,076 - Phase5Scheduler - INFO - Step 2: Parsing scraped data...
2026-05-05 04:14:07,558 - Phase5Scheduler - INFO - Step 3: Fetching MFAPI metrics and NAV history...
2026-05-05 04:14:14,014 - Phase5Scheduler - INFO - Step 4: Applying static rules and guardrails...
2026-05-05 04:14:14,023 - Phase5Scheduler - INFO - Daily data refresh completed successfully!
2026-05-06 04:30:46,376 - Phase5Scheduler - INFO - Starting scheduled daily data refresh...
2026-05-06 04:30:52,648 - Phase5Scheduler - INFO - Step 1: Scraping fund pages...
2026-05-06 04:31:06,051 - Phase5Scheduler - INFO - Step 2: Parsing scraped data...
2026-05-06 04:31:06,537 - Phase5Scheduler - INFO - Step 3: Fetching MFAPI metrics and NAV history...
2026-05-06 04:31:13,317 - Phase5Scheduler - INFO - Step 4: Applying static rules and guardrails...
2026-05-06 04:31:13,326 - Phase5Scheduler - INFO - Daily data refresh completed successfully!
2026-05-07 04:31:14,110 - Phase5Scheduler - INFO - Starting scheduled daily data refresh...
2026-05-07 04:31:20,138 - Phase5Scheduler - INFO - Step 1: Scraping fund pages...
2026-05-07 04:31:33,731 - Phase5Scheduler - INFO - Step 2: Parsing scraped data...
2026-05-07 04:31:34,270 - Phase5Scheduler - INFO - Step 3: Fetching MFAPI metrics and NAV history...
2026-05-07 04:31:41,101 - Phase5Scheduler - INFO - Step 4: Applying static rules and guardrails...
2026-05-07 04:31:41,109 - Phase5Scheduler - INFO - Daily data refresh completed successfully!
2026-05-08 04:13:50,435 - Phase5Scheduler - INFO - Starting scheduled daily data refresh...
2026-05-08 04:13:57,273 - Phase5Scheduler - INFO - Step 1: Scraping fund pages...
2026-05-08 04:14:10,612 - Phase5Scheduler - INFO - Step 2: Parsing scraped data...
2026-05-08 04:14:11,151 - Phase5Scheduler - INFO - Step 3: Fetching MFAPI metrics and NAV history...
2026-05-08 04:14:17,004 - Phase5Scheduler - INFO - Step 4: Applying static rules and guardrails...
2026-05-08 04:14:17,012 - Phase5Scheduler - INFO - Daily data refresh completed successfully!
2026-05-09 04:20:08,239 - Phase5Scheduler - INFO - Starting scheduled daily data refresh...
2026-05-09 04:20:13,588 - Phase5Scheduler - INFO - Step 1: Scraping fund pages...
2026-05-09 04:20:27,150 - Phase5Scheduler - INFO - Step 2: Parsing scraped data...
2026-05-09 04:20:27,627 - Phase5Scheduler - INFO - Step 3: Fetching MFAPI metrics and NAV history...
2026-05-09 04:20:34,091 - Phase5Scheduler - INFO - Step 4: Applying static rules and guardrails...
2026-05-09 04:20:34,099 - Phase5Scheduler - INFO - Daily data refresh completed successfully!
2026-05-10 04:40:39,740 - Phase5Scheduler - INFO - Starting scheduled daily data refresh...
2026-05-10 04:40:46,287 - Phase5Scheduler - INFO - Step 1: Scraping fund pages...
2026-05-10 04:41:00,942 - Phase5Scheduler - INFO - Step 2: Parsing scraped data...
2026-05-10 04:41:01,478 - Phase5Scheduler - INFO - Step 3: Fetching MFAPI metrics and NAV history...
2026-05-10 04:41:07,578 - Phase5Scheduler - INFO - Step 4: Applying static rules and guardrails...
2026-05-10 04:41:07,684 - Phase5Scheduler - INFO - Daily data refresh completed successfully!
2026-05-11 04:55:46,166 - Phase5Scheduler - INFO - Starting scheduled daily data refresh...
2026-05-11 04:55:52,006 - Phase5Scheduler - INFO - Step 1: Scraping fund pages...
2026-05-11 04:56:05,878 - Phase5Scheduler - INFO - Step 2: Parsing scraped data...
2026-05-11 04:56:06,352 - Phase5Scheduler - INFO - Step 3: Fetching MFAPI metrics and NAV history...
2026-05-11 04:57:13,196 - Phase5Scheduler - INFO - Step 4: Applying static rules and guardrails...
2026-05-11 04:57:13,202 - Phase5Scheduler - INFO - Daily data refresh completed successfully!
2026-05-12 04:32:42,207 - Phase5Scheduler - INFO - Starting scheduled daily data refresh...
2026-05-12 04:32:48,636 - Phase5Scheduler - INFO - Step 1: Scraping fund pages...
2026-05-12 04:33:05,921 - Phase5Scheduler - INFO - Step 2: Parsing scraped data...
2026-05-12 04:33:06,444 - Phase5Scheduler - INFO - Step 3: Fetching MFAPI metrics and NAV history...
2026-05-12 04:35:43,816 - Phase5Scheduler - INFO - Step 4: Applying static rules and guardrails...
2026-05-12 04:35:43,820 - Phase5Scheduler - INFO - Daily data refresh completed successfully!
2026-05-13 04:40:59,086 - Phase5Scheduler - INFO - Starting scheduled daily data refresh...
2026-05-13 04:41:06,737 - Phase5Scheduler - INFO - Step 1: Scraping fund pages...
2026-05-13 04:41:20,902 - Phase5Scheduler - INFO - Step 2: Parsing scraped data...
2026-05-13 04:41:21,297 - Phase5Scheduler - INFO - Step 3: Fetching MFAPI metrics and NAV history...
2026-05-13 04:41:28,189 - Phase5Scheduler - INFO - Step 4: Applying static rules and guardrails...
2026-05-13 04:41:28,195 - Phase5Scheduler - INFO - Daily data refresh completed successfully!
2026-05-14 04:38:04,465 - Phase5Scheduler - INFO - Starting scheduled daily data refresh...
2026-05-14 04:38:11,961 - Phase5Scheduler - INFO - Step 1: Scraping fund pages...
2026-05-14 04:38:27,526 - Phase5Scheduler - INFO - Step 2: Parsing scraped data...
2026-05-14 04:38:27,896 - Phase5Scheduler - INFO - Step 3: Fetching MFAPI metrics and NAV history...
2026-05-14 04:38:34,519 - Phase5Scheduler - INFO - Step 4: Applying static rules and guardrails...
2026-05-14 04:38:34,527 - Phase5Scheduler - INFO - Daily data refresh completed successfully!
2026-05-15 04:44:03,299 - Phase5Scheduler - INFO - Starting scheduled daily data refresh...
2026-05-15 04:44:10,675 - Phase5Scheduler - INFO - Step 1: Scraping fund pages...
2026-05-15 04:44:25,516 - Phase5Scheduler - INFO - Step 2: Parsing scraped data...
2026-05-15 04:44:25,791 - Phase5Scheduler - INFO - Step 3: Fetching MFAPI metrics and NAV history...
2026-05-15 04:44:32,390 - Phase5Scheduler - INFO - Step 4: Applying static rules and guardrails...
2026-05-15 04:44:32,398 - Phase5Scheduler - INFO - Daily data refresh completed successfully!
2026-05-16 04:24:47,962 - Phase5Scheduler - INFO - Starting scheduled daily data refresh...
2026-05-16 04:24:53,913 - Phase5Scheduler - INFO - Step 1: Scraping fund pages...
2026-05-16 04:25:07,793 - Phase5Scheduler - INFO - Step 2: Parsing scraped data...
2026-05-16 04:25:08,065 - Phase5Scheduler - INFO - Step 3: Fetching MFAPI metrics and NAV history...
2026-05-16 04:25:14,161 - Phase5Scheduler - INFO - Step 4: Applying static rules and guardrails...
2026-05-16 04:25:14,169 - Phase5Scheduler - INFO - Daily data refresh completed successfully!
2026-05-17 04:47:40,008 - Phase5Scheduler - INFO - Starting scheduled daily data refresh...
2026-05-17 04:47:46,081 - Phase5Scheduler - INFO - Step 1: Scraping fund pages...
2026-05-17 04:48:00,791 - Phase5Scheduler - INFO - Step 2: Parsing scraped data...
2026-05-17 04:48:01,065 - Phase5Scheduler - INFO - Step 3: Fetching MFAPI metrics and NAV history...
2026-05-17 04:48:06,859 - Phase5Scheduler - INFO - Step 4: Applying static rules and guardrails...
2026-05-17 04:48:06,867 - Phase5Scheduler - INFO - Daily data refresh completed successfully!
2026-05-18 05:02:53,803 - Phase5Scheduler - INFO - Starting scheduled daily data refresh...
2026-05-18 05:03:00,801 - Phase5Scheduler - INFO - Step 1: Scraping fund pages...
2026-05-18 05:03:14,542 - Phase5Scheduler - INFO - Step 2: Parsing scraped data...
2026-05-18 05:03:14,815 - Phase5Scheduler - INFO - Step 3: Fetching MFAPI metrics and NAV history...
2026-05-18 05:03:21,582 - Phase5Scheduler - INFO - Step 4: Applying static rules and guardrails...
2026-05-18 05:03:21,590 - Phase5Scheduler - INFO - Daily data refresh completed successfully!
2026-05-19 04:55:07,960 - Phase5Scheduler - INFO - Starting scheduled daily data refresh...
2026-05-19 04:55:14,737 - Phase5Scheduler - INFO - Step 1: Scraping fund pages...
2026-05-19 04:55:29,290 - Phase5Scheduler - INFO - Step 2: Parsing scraped data...
2026-05-19 04:55:29,655 - Phase5Scheduler - INFO - Step 3: Fetching MFAPI metrics and NAV history...
2026-05-19 04:55:36,842 - Phase5Scheduler - INFO - Step 4: Applying static rules and guardrails...
2026-05-19 04:55:36,850 - Phase5Scheduler - INFO - Daily data refresh completed successfully!
2026-05-20 04:58:50,857 - Phase5Scheduler - INFO - Starting scheduled daily data refresh...
2026-05-20 04:58:56,775 - Phase5Scheduler - INFO - Step 1: Scraping fund pages...
2026-05-20 04:59:11,182 - Phase5Scheduler - INFO - Step 2: Parsing scraped data...
2026-05-20 04:59:11,456 - Phase5Scheduler - INFO - Step 3: Fetching MFAPI metrics and NAV history...
2026-05-20 04:59:17,950 - Phase5Scheduler - INFO - Step 4: Applying static rules and guardrails...
2026-05-20 04:59:18,111 - Phase5Scheduler - INFO - Daily data refresh completed successfully!
2026-05-21 05:04:49,524 - Phase5Scheduler - INFO - Starting scheduled daily data refresh...
2026-05-21 05:04:56,308 - Phase5Scheduler - INFO - Step 1: Scraping fund pages...
2026-05-21 05:05:12,700 - Phase5Scheduler - INFO - Step 2: Parsing scraped data...
2026-05-21 05:05:12,975 - Phase5Scheduler - INFO - Step 3: Fetching MFAPI metrics and NAV history...
2026-05-21 05:05:19,793 - Phase5Scheduler - INFO - Step 4: Applying static rules and guardrails...
2026-05-21 05:05:19,801 - Phase5Scheduler - INFO - Daily data refresh completed successfully!
2026-05-22 04:56:41,072 - Phase5Scheduler - INFO - Starting scheduled daily data refresh...
2026-05-22 04:56:48,057 - Phase5Scheduler - INFO - Step 1: Scraping fund pages...
2026-05-22 04:57:03,237 - Phase5Scheduler - INFO - Step 2: Parsing scraped data...
2026-05-22 04:57:03,515 - Phase5Scheduler - INFO - Step 3: Fetching MFAPI metrics and NAV history...
2026-05-22 04:57:09,827 - Phase5Scheduler - INFO - Step 4: Applying static rules and guardrails...
2026-05-22 04:57:09,835 - Phase5Scheduler - INFO - Daily data refresh completed successfully!
2026-05-23 04:33:59,321 - Phase5Scheduler - INFO - Starting scheduled daily data refresh...
2026-05-23 04:34:05,571 - Phase5Scheduler - INFO - Step 1: Scraping fund pages...
2026-05-23 04:34:18,735 - Phase5Scheduler - INFO - Step 2: Parsing scraped data...
2026-05-23 04:34:19,090 - Phase5Scheduler - INFO - Step 3: Fetching MFAPI metrics and NAV history...
2026-05-23 04:34:25,495 - Phase5Scheduler - INFO - Step 4: Applying static rules and guardrails...
2026-05-23 04:34:25,503 - Phase5Scheduler - INFO - Daily data refresh completed successfully!
2026-05-24 04:58:35,235 - Phase5Scheduler - INFO - Starting scheduled daily data refresh...
2026-05-24 04:58:42,209 - Phase5Scheduler - INFO - Step 1: Scraping fund pages...
2026-05-24 04:58:55,689 - Phase5Scheduler - INFO - Step 2: Parsing scraped data...
2026-05-24 04:58:55,962 - Phase5Scheduler - INFO - Step 3: Fetching MFAPI metrics and NAV history...
2026-05-24 04:59:02,146 - Phase5Scheduler - INFO - Step 4: Applying static rules and guardrails...
2026-05-24 04:59:02,160 - Phase5Scheduler - INFO - Daily data refresh completed successfully!
2026-05-25 05:16:10,951 - Phase5Scheduler - INFO - Starting scheduled daily data refresh...
2026-05-25 05:16:17,757 - Phase5Scheduler - INFO - Step 1: Scraping fund pages...
2026-05-25 05:16:32,553 - Phase5Scheduler - INFO - Step 2: Parsing scraped data...
2026-05-25 05:16:32,908 - Phase5Scheduler - INFO - Step 3: Fetching MFAPI metrics and NAV history...
2026-05-25 05:16:40,086 - Phase5Scheduler - INFO - Step 4: Applying static rules and guardrails...
2026-05-25 05:16:40,094 - Phase5Scheduler - INFO - Daily data refresh completed successfully!
2026-05-26 04:58:32,971 - Phase5Scheduler - INFO - Starting scheduled daily data refresh...
2026-05-26 04:58:39,077 - Phase5Scheduler - INFO - Step 1: Scraping fund pages...
2026-05-26 04:58:53,786 - Phase5Scheduler - INFO - Step 2: Parsing scraped data...
2026-05-26 04:58:54,106 - Phase5Scheduler - INFO - Step 3: Fetching MFAPI metrics and NAV history...
2026-05-26 04:59:00,760 - Phase5Scheduler - INFO - Step 4: Applying static rules and guardrails...
2026-05-26 04:59:00,768 - Phase5Scheduler - INFO - Daily data refresh completed successfully!
2026-05-27 05:10:15,804 - Phase5Scheduler - INFO - Starting scheduled daily data refresh...
2026-05-27 05:10:22,103 - Phase5Scheduler - INFO - Step 1: Scraping fund pages...
2026-05-27 05:11:23,319 - Phase5Scheduler - INFO - Step 2: Parsing scraped data...
2026-05-27 05:11:23,639 - Phase5Scheduler - INFO - Step 3: Fetching MFAPI metrics and NAV history...
2026-05-27 05:11:30,393 - Phase5Scheduler - INFO - Step 4: Applying static rules and guardrails...
2026-05-27 05:11:30,401 - Phase5Scheduler - INFO - Daily data refresh completed successfully!
2026-05-28 05:04:44,880 - Phase5Scheduler - INFO - Starting scheduled daily data refresh...
2026-05-28 05:04:50,550 - Phase5Scheduler - INFO - Step 1: Scraping fund pages...
2026-05-28 05:05:51,745 - Phase5Scheduler - INFO - Step 2: Parsing scraped data...
2026-05-28 05:05:52,065 - Phase5Scheduler - INFO - Step 3: Fetching MFAPI metrics and NAV history...
2026-05-28 05:05:58,316 - Phase5Scheduler - INFO - Step 4: Applying static rules and guardrails...
2026-05-28 05:05:58,323 - Phase5Scheduler - INFO - Daily data refresh completed successfully!
2026-05-29 05:05:56,244 - Phase5Scheduler - INFO - Starting scheduled daily data refresh...
2026-05-29 05:06:03,347 - Phase5Scheduler - INFO - Step 1: Scraping fund pages...
2026-05-29 05:06:18,643 - Phase5Scheduler - INFO - Step 2: Parsing scraped data...
2026-05-29 05:06:18,923 - Phase5Scheduler - INFO - Step 3: Fetching MFAPI metrics and NAV history...
2026-05-29 05:06:25,233 - Phase5Scheduler - INFO - Step 4: Applying static rules and guardrails...
2026-05-29 05:06:25,241 - Phase5Scheduler - INFO - Daily data refresh completed successfully!
2026-05-30 04:45:37,089 - Phase5Scheduler - INFO - Starting scheduled daily data refresh...
2026-05-30 04:45:43,329 - Phase5Scheduler - INFO - Step 1: Scraping fund pages...
2026-05-30 04:46:45,516 - Phase5Scheduler - INFO - Step 2: Parsing scraped data...
2026-05-30 04:46:45,797 - Phase5Scheduler - INFO - Step 3: Fetching MFAPI metrics and NAV history...
2026-05-30 04:46:51,756 - Phase5Scheduler - INFO - Step 4: Applying static rules and guardrails...
2026-05-30 04:46:51,765 - Phase5Scheduler - INFO - Daily data refresh completed successfully!
2026-05-31 05:13:48,423 - Phase5Scheduler - INFO - Starting scheduled daily data refresh...
2026-05-31 05:13:55,893 - Phase5Scheduler - INFO - Step 1: Scraping fund pages...
2026-05-31 05:14:10,716 - Phase5Scheduler - INFO - Step 2: Parsing scraped data...
2026-05-31 05:14:10,995 - Phase5Scheduler - INFO - Step 3: Fetching MFAPI metrics and NAV history...
2026-05-31 05:14:17,439 - Phase5Scheduler - INFO - Step 4: Applying static rules and guardrails...
2026-05-31 05:14:17,447 - Phase5Scheduler - INFO - Daily data refresh completed successfully!
2026-06-01 05:54:28,362 - Phase5Scheduler - INFO - Starting scheduled daily data refresh...
2026-06-01 05:54:35,381 - Phase5Scheduler - INFO - Step 1: Scraping fund pages...
2026-06-01 05:54:49,784 - Phase5Scheduler - INFO - Step 2: Parsing scraped data...
2026-06-01 05:54:50,148 - Phase5Scheduler - INFO - Step 3: Fetching MFAPI metrics and NAV history...
2026-06-01 05:54:56,645 - Phase5Scheduler - INFO - Step 4: Applying static rules and guardrails...
2026-06-01 05:54:56,652 - Phase5Scheduler - INFO - Daily data refresh completed successfully!
2026-06-02 05:24:07,263 - Phase5Scheduler - INFO - Starting scheduled daily data refresh...
2026-06-02 05:24:13,852 - Phase5Scheduler - INFO - Step 1: Scraping fund pages...
2026-06-02 05:25:14,527 - Phase5Scheduler - INFO - Step 2: Parsing scraped data...
2026-06-02 05:25:14,884 - Phase5Scheduler - INFO - Step 3: Fetching MFAPI metrics and NAV history...
2026-06-02 05:25:21,996 - Phase5Scheduler - INFO - Step 4: Applying static rules and guardrails...
2026-06-02 05:25:22,005 - Phase5Scheduler - INFO - Daily data refresh completed successfully!
2026-06-03 05:56:20,872 - Phase5Scheduler - INFO - Starting scheduled daily data refresh...
2026-06-03 05:56:27,299 - Phase5Scheduler - INFO - Step 1: Scraping fund pages...
2026-06-03 05:57:29,486 - Phase5Scheduler - INFO - Step 2: Parsing scraped data...
2026-06-03 05:57:29,770 - Phase5Scheduler - INFO - Step 3: Fetching MFAPI metrics and NAV history...
2026-06-03 05:57:53,907 - Phase5Scheduler - INFO - Step 4: Applying static rules and guardrails...
2026-06-03 05:57:53,915 - Phase5Scheduler - INFO - Daily data refresh completed successfully!
2026-06-04 05:51:45,159 - Phase5Scheduler - INFO - Starting scheduled daily data refresh...
2026-06-04 05:51:51,887 - Phase5Scheduler - INFO - Step 1: Scraping fund pages...
2026-06-04 05:52:52,564 - Phase5Scheduler - INFO - Step 2: Parsing scraped data...
2026-06-04 05:52:52,940 - Phase5Scheduler - INFO - Step 3: Fetching MFAPI metrics and NAV history...
2026-06-04 05:53:01,489 - Phase5Scheduler - INFO - Step 4: Applying static rules and guardrails...
2026-06-04 05:53:01,497 - Phase5Scheduler - INFO - Daily data refresh completed successfully!
2026-06-05 05:10:47,284 - Phase5Scheduler - INFO - Starting scheduled daily data refresh...
2026-06-05 05:10:53,479 - Phase5Scheduler - INFO - Step 1: Scraping fund pages...
2026-06-05 05:11:54,107 - Phase5Scheduler - INFO - Step 2: Parsing scraped data...
2026-06-05 05:11:54,476 - Phase5Scheduler - INFO - Step 3: Fetching MFAPI metrics and NAV history...
2026-06-05 05:12:13,087 - Phase5Scheduler - INFO - Step 4: Applying static rules and guardrails...
2026-06-05 05:12:13,095 - Phase5Scheduler - INFO - Daily data refresh completed successfully!
2026-06-06 04:47:06,150 - Phase5Scheduler - INFO - Starting scheduled daily data refresh...
2026-06-06 04:47:12,567 - Phase5Scheduler - INFO - Step 1: Scraping fund pages...
2026-06-06 04:47:25,702 - Phase5Scheduler - INFO - Step 2: Parsing scraped data...
2026-06-06 04:47:26,000 - Phase5Scheduler - INFO - Step 3: Fetching MFAPI metrics and NAV history...
2026-06-06 04:47:42,489 - Phase5Scheduler - INFO - Step 4: Applying static rules and guardrails...
2026-06-06 04:47:42,498 - Phase5Scheduler - INFO - Daily data refresh completed successfully!
2026-06-07 05:17:14,096 - Phase5Scheduler - INFO - Starting scheduled daily data refresh...
2026-06-07 05:17:19,946 - Phase5Scheduler - INFO - Step 1: Scraping fund pages...
2026-06-07 05:17:34,496 - Phase5Scheduler - INFO - Step 2: Parsing scraped data...
2026-06-07 05:17:34,825 - Phase5Scheduler - INFO - Step 3: Fetching MFAPI metrics and NAV history...
2026-06-07 05:18:09,632 - Phase5Scheduler - INFO - Step 4: Applying static rules and guardrails...
2026-06-07 05:18:09,639 - Phase5Scheduler - INFO - Daily data refresh completed successfully!
2026-06-08 05:24:27,024 - Phase5Scheduler - INFO - Starting scheduled daily data refresh...
2026-06-08 05:24:32,876 - Phase5Scheduler - INFO - Step 1: Scraping fund pages...
2026-06-08 05:25:34,558 - Phase5Scheduler - INFO - Step 2: Parsing scraped data...
2026-06-08 05:25:34,900 - Phase5Scheduler - INFO - Step 3: Fetching MFAPI metrics and NAV history...
2026-06-08 05:25:54,677 - Phase5Scheduler - INFO - Step 4: Applying static rules and guardrails...
2026-06-08 05:25:54,684 - Phase5Scheduler - INFO - Daily data refresh completed successfully!
2026-06-09 04:59:17,639 - Phase5Scheduler - INFO - Starting scheduled daily data refresh...
2026-06-09 04:59:23,678 - Phase5Scheduler - INFO - Step 1: Scraping fund pages...
2026-06-09 04:59:37,033 - Phase5Scheduler - INFO - Step 2: Parsing scraped data...
2026-06-09 04:59:37,332 - Phase5Scheduler - INFO - Step 3: Fetching MFAPI metrics and NAV history...
2026-06-09 04:59:55,395 - Phase5Scheduler - INFO - Step 4: Applying static rules and guardrails...
2026-06-09 04:59:55,403 - Phase5Scheduler - INFO - Daily data refresh completed successfully!
2026-06-10 05:11:15,989 - Phase5Scheduler - INFO - Starting scheduled daily data refresh...
2026-06-10 05:11:23,011 - Phase5Scheduler - INFO - Step 1: Scraping fund pages...
2026-06-10 05:12:25,287 - Phase5Scheduler - INFO - Step 2: Parsing scraped data...
2026-06-10 05:12:25,585 - Phase5Scheduler - INFO - Step 3: Fetching MFAPI metrics and NAV history...
2026-06-10 05:12:34,595 - Phase5Scheduler - INFO - Step 4: Applying static rules and guardrails...
2026-06-10 05:12:34,603 - Phase5Scheduler - INFO - Daily data refresh completed successfully!
2026-06-11 05:21:23,136 - Phase5Scheduler - INFO - Starting scheduled daily data refresh...
2026-06-11 05:21:30,440 - Phase5Scheduler - INFO - Step 1: Scraping fund pages...
2026-06-11 05:22:31,664 - Phase5Scheduler - INFO - Step 2: Parsing scraped data...
2026-06-11 05:22:31,969 - Phase5Scheduler - INFO - Step 3: Fetching MFAPI metrics and NAV history...
2026-06-11 05:22:38,812 - Phase5Scheduler - INFO - Step 4: Applying static rules and guardrails...
2026-06-11 05:22:38,820 - Phase5Scheduler - INFO - Daily data refresh completed successfully!
2026-06-12 05:27:09,027 - Phase5Scheduler - INFO - Starting scheduled daily data refresh...
2026-06-12 05:27:15,978 - Phase5Scheduler - INFO - Step 1: Scraping fund pages...
2026-06-12 05:27:31,253 - Phase5Scheduler - INFO - Step 2: Parsing scraped data...
2026-06-12 05:27:31,557 - Phase5Scheduler - INFO - Step 3: Fetching MFAPI metrics and NAV history...
2026-06-12 05:27:40,611 - Phase5Scheduler - INFO - Step 4: Applying static rules and guardrails...
2026-06-12 05:27:40,619 - Phase5Scheduler - INFO - Daily data refresh completed successfully!
2026-06-13 05:16:04,333 - Phase5Scheduler - INFO - Starting scheduled daily data refresh...
2026-06-13 05:16:09,802 - Phase5Scheduler - INFO - Step 1: Scraping fund pages...
2026-06-13 05:16:24,873 - Phase5Scheduler - INFO - Step 2: Parsing scraped data...
2026-06-13 05:16:25,217 - Phase5Scheduler - INFO - Step 3: Fetching MFAPI metrics and NAV history...
2026-06-13 05:16:37,650 - Phase5Scheduler - INFO - Step 4: Applying static rules and guardrails...
2026-06-13 05:16:37,657 - Phase5Scheduler - INFO - Daily data refresh completed successfully!
2026-06-14 05:25:13,490 - Phase5Scheduler - INFO - Starting scheduled daily data refresh...
2026-06-14 05:25:19,340 - Phase5Scheduler - INFO - Step 1: Scraping fund pages...
2026-06-14 05:26:19,996 - Phase5Scheduler - INFO - Step 2: Parsing scraped data...
2026-06-14 05:26:20,298 - Phase5Scheduler - INFO - Step 3: Fetching MFAPI metrics and NAV history...
2026-06-14 05:26:26,328 - Phase5Scheduler - INFO - Step 4: Applying static rules and guardrails...
2026-06-14 05:26:26,336 - Phase5Scheduler - INFO - Daily data refresh completed successfully!
2026-06-15 06:15:37,566 - Phase5Scheduler - INFO - Starting scheduled daily data refresh...
2026-06-15 06:15:43,729 - Phase5Scheduler - INFO - Step 1: Scraping fund pages...
2026-06-15 06:16:44,415 - Phase5Scheduler - INFO - Step 2: Parsing scraped data...
2026-06-15 06:16:44,654 - Phase5Scheduler - INFO - Step 3: Fetching MFAPI metrics and NAV history...
2026-06-15 06:17:02,130 - Phase5Scheduler - INFO - Step 4: Applying static rules and guardrails...
2026-06-15 06:17:02,141 - Phase5Scheduler - INFO - Daily data refresh completed successfully!
2026-06-16 06:25:01,470 - Phase5Scheduler - INFO - Starting scheduled daily data refresh...
2026-06-16 06:25:10,141 - Phase5Scheduler - INFO - Step 1: Scraping fund pages...
2026-06-16 06:25:25,028 - Phase5Scheduler - INFO - Step 2: Parsing scraped data...
2026-06-16 06:25:25,342 - Phase5Scheduler - INFO - Step 3: Fetching MFAPI metrics and NAV history...
2026-06-16 06:25:49,391 - Phase5Scheduler - INFO - Step 4: Applying static rules and guardrails...
2026-06-16 06:25:49,400 - Phase5Scheduler - INFO - Daily data refresh completed successfully!
2026-06-17 06:00:06,493 - Phase5Scheduler - INFO - Starting scheduled daily data refresh...
2026-06-17 06:00:13,054 - Phase5Scheduler - INFO - Step 1: Scraping fund pages...
2026-06-17 06:01:14,604 - Phase5Scheduler - INFO - Step 2: Parsing scraped data...
2026-06-17 06:01:14,909 - Phase5Scheduler - INFO - Step 3: Fetching MFAPI metrics and NAV history...
2026-06-17 06:01:40,153 - Phase5Scheduler - INFO - Step 4: Applying static rules and guardrails...
2026-06-17 06:01:40,162 - Phase5Scheduler - INFO - Daily data refresh completed successfully!
2026-06-18 05:28:48,807 - Phase5Scheduler - INFO - Starting scheduled daily data refresh...
2026-06-18 05:28:55,546 - Phase5Scheduler - INFO - Step 1: Scraping fund pages...
2026-06-18 05:29:58,118 - Phase5Scheduler - INFO - Step 2: Parsing scraped data...
2026-06-18 05:29:58,427 - Phase5Scheduler - INFO - Step 3: Fetching MFAPI metrics and NAV history...
2026-06-18 05:30:22,759 - Phase5Scheduler - INFO - Step 4: Applying static rules and guardrails...
2026-06-18 05:30:22,767 - Phase5Scheduler - INFO - Daily data refresh completed successfully!
2026-06-19 06:09:09,466 - Phase5Scheduler - INFO - Starting scheduled daily data refresh...
2026-06-19 06:09:16,793 - Phase5Scheduler - INFO - Step 1: Scraping fund pages...
2026-06-19 06:10:18,948 - Phase5Scheduler - INFO - Step 2: Parsing scraped data...
2026-06-19 06:10:19,253 - Phase5Scheduler - INFO - Step 3: Fetching MFAPI metrics and NAV history...
2026-06-19 06:10:59,649 - Phase5Scheduler - INFO - Step 4: Applying static rules and guardrails...
2026-06-19 06:10:59,656 - Phase5Scheduler - INFO - Daily data refresh completed successfully!
2026-06-20 05:04:58,111 - Phase5Scheduler - INFO - Starting scheduled daily data refresh...
2026-06-20 05:05:04,788 - Phase5Scheduler - INFO - Step 1: Scraping fund pages...
2026-06-20 05:05:19,860 - Phase5Scheduler - INFO - Step 2: Parsing scraped data...
2026-06-20 05:05:20,163 - Phase5Scheduler - INFO - Step 3: Fetching MFAPI metrics and NAV history...
2026-06-20 05:05:43,912 - Phase5Scheduler - INFO - Step 4: Applying static rules and guardrails...
2026-06-20 05:05:43,921 - Phase5Scheduler - INFO - Daily data refresh completed successfully!
2026-06-21 05:53:49,003 - Phase5Scheduler - INFO - Starting scheduled daily data refresh...
2026-06-21 05:53:55,224 - Phase5Scheduler - INFO - Step 1: Scraping fund pages...
2026-06-21 05:54:55,889 - Phase5Scheduler - INFO - Step 2: Parsing scraped data...
2026-06-21 05:54:56,295 - Phase5Scheduler - INFO - Step 3: Fetching MFAPI metrics and NAV history...
2026-06-21 05:55:09,719 - Phase5Scheduler - INFO - Step 4: Applying static rules and guardrails...
2026-06-21 05:55:09,727 - Phase5Scheduler - INFO - Daily data refresh completed successfully!
2026-06-22 06:20:52,266 - Phase5Scheduler - INFO - Starting scheduled daily data refresh...
2026-06-22 06:20:58,550 - Phase5Scheduler - INFO - Step 1: Scraping fund pages...
2026-06-22 06:21:59,229 - Phase5Scheduler - INFO - Step 2: Parsing scraped data...
2026-06-22 06:21:59,535 - Phase5Scheduler - INFO - Step 3: Fetching MFAPI metrics and NAV history...
2026-06-22 06:22:17,993 - Phase5Scheduler - INFO - Step 4: Applying static rules and guardrails...
2026-06-22 06:22:18,001 - Phase5Scheduler - INFO - Daily data refresh completed successfully!
2026-06-23 04:55:29,168 - Phase5Scheduler - INFO - Starting scheduled daily data refresh...
2026-06-23 04:55:35,657 - Phase5Scheduler - INFO - Step 1: Scraping fund pages...
2026-06-23 04:56:36,311 - Phase5Scheduler - INFO - Step 2: Parsing scraped data...
2026-06-23 04:56:36,619 - Phase5Scheduler - INFO - Step 3: Fetching MFAPI metrics and NAV history...
2026-06-23 04:57:00,328 - Phase5Scheduler - INFO - Step 4: Applying static rules and guardrails...
2026-06-23 04:57:00,335 - Phase5Scheduler - INFO - Daily data refresh completed successfully!
2026-06-24 04:58:51,010 - Phase5Scheduler - INFO - Starting scheduled daily data refresh...
2026-06-24 04:58:58,642 - Phase5Scheduler - INFO - Step 1: Scraping fund pages...
2026-06-24 05:00:01,012 - Phase5Scheduler - INFO - Step 2: Parsing scraped data...
2026-06-24 05:00:01,430 - Phase5Scheduler - INFO - Step 3: Fetching MFAPI metrics and NAV history...
2026-06-24 05:00:10,620 - Phase5Scheduler - INFO - Step 4: Applying static rules and guardrails...
2026-06-24 05:00:10,629 - Phase5Scheduler - INFO - Daily data refresh completed successfully!
2026-06-25 04:58:42,171 - Phase5Scheduler - INFO - Starting scheduled daily data refresh...
2026-06-25 04:58:48,335 - Phase5Scheduler - INFO - Step 1: Scraping fund pages...
2026-06-25 04:59:48,864 - Phase5Scheduler - INFO - Step 2: Parsing scraped data...
2026-06-25 04:59:49,100 - Phase5Scheduler - INFO - Step 3: Fetching MFAPI metrics and NAV history...
2026-06-25 04:59:59,741 - Phase5Scheduler - INFO - Step 4: Applying static rules and guardrails...
2026-06-25 04:59:59,748 - Phase5Scheduler - INFO - Daily data refresh completed successfully!
2026-06-26 05:04:17,422 - Phase5Scheduler - INFO - Starting scheduled daily data refresh...
2026-06-26 05:04:23,062 - Phase5Scheduler - INFO - Step 1: Scraping fund pages...
2026-06-26 05:05:25,366 - Phase5Scheduler - INFO - Step 2: Parsing scraped data...
2026-06-26 05:05:25,714 - Phase5Scheduler - INFO - Step 3: Fetching MFAPI metrics and NAV history...
2026-06-26 05:05:41,646 - Phase5Scheduler - INFO - Step 4: Applying static rules and guardrails...
2026-06-26 05:05:41,653 - Phase5Scheduler - INFO - Daily data refresh completed successfully!
2026-06-27 04:46:00,598 - Phase5Scheduler - INFO - Starting scheduled daily data refresh...
2026-06-27 04:46:06,441 - Phase5Scheduler - INFO - Step 1: Scraping fund pages...
2026-06-27 04:46:21,479 - Phase5Scheduler - INFO - Step 2: Parsing scraped data...
2026-06-27 04:46:21,855 - Phase5Scheduler - INFO - Step 3: Fetching MFAPI metrics and NAV history...
2026-06-27 04:46:32,534 - Phase5Scheduler - INFO - Step 4: Applying static rules and guardrails...
2026-06-27 04:46:32,542 - Phase5Scheduler - INFO - Daily data refresh completed successfully!
2026-06-28 05:12:49,614 - Phase5Scheduler - INFO - Starting scheduled daily data refresh...
2026-06-28 05:12:56,508 - Phase5Scheduler - INFO - Step 1: Scraping fund pages...
2026-06-28 05:13:58,895 - Phase5Scheduler - INFO - Step 2: Parsing scraped data...
2026-06-28 05:13:59,288 - Phase5Scheduler - INFO - Step 3: Fetching MFAPI metrics and NAV history...
2026-06-28 05:14:13,488 - Phase5Scheduler - INFO - Step 4: Applying static rules and guardrails...
2026-06-28 05:14:13,496 - Phase5Scheduler - INFO - Daily data refresh completed successfully!
2026-06-29 05:23:45,912 - Phase5Scheduler - INFO - Starting scheduled daily data refresh...
2026-06-29 05:23:52,782 - Phase5Scheduler - INFO - Step 1: Scraping fund pages...
2026-06-29 05:24:07,558 - Phase5Scheduler - INFO - Step 2: Parsing scraped data...
2026-06-29 05:24:07,862 - Phase5Scheduler - INFO - Step 3: Fetching MFAPI metrics and NAV history...
2026-06-29 05:24:33,461 - Phase5Scheduler - INFO - Step 4: Applying static rules and guardrails...
2026-06-29 05:24:33,469 - Phase5Scheduler - INFO - Daily data refresh completed successfully!
2026-06-30 04:58:14,402 - Phase5Scheduler - INFO - Starting scheduled daily data refresh...
2026-06-30 04:58:20,687 - Phase5Scheduler - INFO - Step 1: Scraping fund pages...
2026-06-30 04:58:36,495 - Phase5Scheduler - INFO - Step 2: Parsing scraped data...
2026-06-30 04:58:36,847 - Phase5Scheduler - INFO - Step 3: Fetching MFAPI metrics and NAV history...
2026-06-30 04:58:52,383 - Phase5Scheduler - INFO - Step 4: Applying static rules and guardrails...
2026-06-30 04:58:52,390 - Phase5Scheduler - INFO - Daily data refresh completed successfully!
2026-07-01 05:16:48,894 - Phase5Scheduler - INFO - Starting scheduled daily data refresh...
2026-07-01 05:16:55,316 - Phase5Scheduler - INFO - Step 1: Scraping fund pages...
2026-07-01 05:17:10,347 - Phase5Scheduler - INFO - Step 2: Parsing scraped data...
2026-07-01 05:17:10,751 - Phase5Scheduler - INFO - Step 3: Fetching MFAPI metrics and NAV history...
2026-07-01 05:17:35,648 - Phase5Scheduler - INFO - Step 4: Applying static rules and guardrails...
2026-07-01 05:17:35,657 - Phase5Scheduler - INFO - Daily data refresh completed successfully!
2026-07-02 04:54:28,309 - Phase5Scheduler - INFO - Starting scheduled daily data refresh...
2026-07-02 04:54:34,058 - Phase5Scheduler - INFO - Step 1: Scraping fund pages...
2026-07-02 04:54:49,167 - Phase5Scheduler - INFO - Step 2: Parsing scraped data...
2026-07-02 04:54:49,515 - Phase5Scheduler - INFO - Step 3: Fetching MFAPI metrics and NAV history...
2026-07-02 04:55:05,133 - Phase5Scheduler - INFO - Step 4: Applying static rules and guardrails...
2026-07-02 04:55:05,141 - Phase5Scheduler - INFO - Daily data refresh completed successfully!
2026-07-03 04:37:04,677 - Phase5Scheduler - INFO - Starting scheduled daily data refresh...
2026-07-03 04:37:10,770 - Phase5Scheduler - INFO - Step 1: Scraping fund pages...
2026-07-03 04:37:26,994 - Phase5Scheduler - INFO - Step 2: Parsing scraped data...
2026-07-03 04:37:27,383 - Phase5Scheduler - INFO - Step 3: Fetching MFAPI metrics and NAV history...
2026-07-03 04:37:37,267 - Phase5Scheduler - INFO - Step 4: Applying static rules and guardrails...
2026-07-03 04:37:37,275 - Phase5Scheduler - INFO - Daily data refresh completed successfully!
2026-07-04 04:29:05,158 - Phase5Scheduler - INFO - Starting scheduled daily data refresh...
2026-07-04 04:29:12,022 - Phase5Scheduler - INFO - Step 1: Scraping fund pages...
2026-07-04 04:29:28,316 - Phase5Scheduler - INFO - Step 2: Parsing scraped data...
2026-07-04 04:29:28,709 - Phase5Scheduler - INFO - Step 3: Fetching MFAPI metrics and NAV history...
2026-07-04 04:29:36,160 - Phase5Scheduler - INFO - Step 4: Applying static rules and guardrails...
2026-07-04 04:29:36,200 - Phase5Scheduler - INFO - Daily data refresh completed successfully!
2026-07-05 04:50:04,970 - Phase5Scheduler - INFO - Starting scheduled daily data refresh...
2026-07-05 04:50:12,216 - Phase5Scheduler - INFO - Step 1: Scraping fund pages...
2026-07-05 04:50:28,575 - Phase5Scheduler - INFO - Step 2: Parsing scraped data...
2026-07-05 04:50:28,953 - Phase5Scheduler - INFO - Step 3: Fetching MFAPI metrics and NAV history...
2026-07-05 04:50:46,240 - Phase5Scheduler - INFO - Step 4: Applying static rules and guardrails...
2026-07-05 04:50:46,248 - Phase5Scheduler - INFO - Daily data refresh completed successfully!
2026-07-06 05:04:00,034 - Phase5Scheduler - INFO - Starting scheduled daily data refresh...
2026-07-06 05:04:07,311 - Phase5Scheduler - INFO - Step 1: Scraping fund pages...
2026-07-06 05:04:23,299 - Phase5Scheduler - INFO - Step 2: Parsing scraped data...
2026-07-06 05:04:23,696 - Phase5Scheduler - INFO - Step 3: Fetching MFAPI metrics and NAV history...
2026-07-06 05:04:41,836 - Phase5Scheduler - INFO - Step 4: Applying static rules and guardrails...
2026-07-06 05:04:41,844 - Phase5Scheduler - INFO - Daily data refresh completed successfully!
2026-07-07 04:42:55,044 - Phase5Scheduler - INFO - Starting scheduled daily data refresh...
2026-07-07 04:43:01,524 - Phase5Scheduler - INFO - Step 1: Scraping fund pages...
2026-07-07 04:43:15,710 - Phase5Scheduler - INFO - Step 2: Parsing scraped data...
2026-07-07 04:43:16,012 - Phase5Scheduler - INFO - Step 3: Fetching MFAPI metrics and NAV history...
2026-07-07 04:43:37,093 - Phase5Scheduler - INFO - Step 4: Applying static rules and guardrails...
2026-07-07 04:43:37,102 - Phase5Scheduler - INFO - Daily data refresh completed successfully!
2026-07-08 04:04:13,599 - Phase5Scheduler - INFO - Starting scheduled daily data refresh...
2026-07-08 04:04:19,837 - Phase5Scheduler - INFO - Step 1: Scraping fund pages...
2026-07-08 04:04:34,282 - Phase5Scheduler - INFO - Step 2: Parsing scraped data...
2026-07-08 04:04:34,660 - Phase5Scheduler - INFO - Step 3: Fetching MFAPI metrics and NAV history...
2026-07-08 04:05:07,401 - Phase5Scheduler - INFO - Step 4: Applying static rules and guardrails...
2026-07-08 04:05:07,409 - Phase5Scheduler - INFO - Daily data refresh completed successfully!
2026-07-09 04:52:59,538 - Phase5Scheduler - INFO - Starting scheduled daily data refresh...
2026-07-09 04:53:05,909 - Phase5Scheduler - INFO - Step 1: Scraping fund pages...
2026-07-09 04:54:06,587 - Phase5Scheduler - INFO - Step 2: Parsing scraped data...
2026-07-09 04:54:06,888 - Phase5Scheduler - INFO - Step 3: Fetching MFAPI metrics and NAV history...
2026-07-09 04:54:21,638 - Phase5Scheduler - INFO - Step 4: Applying static rules and guardrails...
2026-07-09 04:54:21,646 - Phase5Scheduler - INFO - Daily data refresh completed successfully!
2026-07-10 04:44:18,760 - Phase5Scheduler - INFO - Starting scheduled daily data refresh...
2026-07-10 04:44:25,175 - Phase5Scheduler - INFO - Step 1: Scraping fund pages...
2026-07-10 04:45:27,574 - Phase5Scheduler - INFO - Step 2: Parsing scraped data...
2026-07-10 04:45:27,963 - Phase5Scheduler - INFO - Step 3: Fetching MFAPI metrics and NAV history...
2026-07-10 04:45:34,806 - Phase5Scheduler - INFO - Step 4: Applying static rules and guardrails...
2026-07-10 04:45:34,814 - Phase5Scheduler - INFO - Daily data refresh completed successfully!
2026-07-11 04:01:16,086 - Phase5Scheduler - INFO - Starting scheduled daily data refresh...
2026-07-11 04:01:22,586 - Phase5Scheduler - INFO - Step 1: Scraping fund pages...
2026-07-11 04:02:23,312 - Phase5Scheduler - INFO - Step 2: Parsing scraped data...
2026-07-11 04:02:23,704 - Phase5Scheduler - INFO - Step 3: Fetching MFAPI metrics and NAV history...
2026-07-11 04:02:32,514 - Phase5Scheduler - INFO - Step 4: Applying static rules and guardrails...
2026-07-11 04:02:32,523 - Phase5Scheduler - INFO - Daily data refresh completed successfully!
2026-07-12 04:21:40,173 - Phase5Scheduler - INFO - Starting scheduled daily data refresh...
2026-07-12 04:21:47,163 - Phase5Scheduler - INFO - Step 1: Scraping fund pages...
2026-07-12 04:22:01,691 - Phase5Scheduler - INFO - Step 2: Parsing scraped data...
2026-07-12 04:22:02,109 - Phase5Scheduler - INFO - Step 3: Fetching MFAPI metrics and NAV history...
2026-07-12 04:22:13,954 - Phase5Scheduler - INFO - Step 4: Applying static rules and guardrails...
2026-07-12 04:22:13,963 - Phase5Scheduler - INFO - Daily data refresh completed successfully!
2026-07-13 04:25:15,025 - Phase5Scheduler - INFO - Starting scheduled daily data refresh...
2026-07-13 04:25:21,208 - Phase5Scheduler - INFO - Step 1: Scraping fund pages...
2026-07-13 04:26:21,900 - Phase5Scheduler - INFO - Step 2: Parsing scraped data...
2026-07-13 04:26:22,250 - Phase5Scheduler - INFO - Step 3: Fetching MFAPI metrics and NAV history...
2026-07-13 04:26:45,135 - Phase5Scheduler - INFO - Step 4: Applying static rules and guardrails...
2026-07-13 04:26:45,142 - Phase5Scheduler - INFO - Daily data refresh completed successfully!
2026-07-14 03:53:26,689 - Phase5Scheduler - INFO - Starting scheduled daily data refresh...
2026-07-14 03:53:33,608 - Phase5Scheduler - INFO - Step 1: Scraping fund pages...
2026-07-14 03:53:49,137 - Phase5Scheduler - INFO - Step 2: Parsing scraped data...
2026-07-14 03:53:49,433 - Phase5Scheduler - INFO - Step 3: Fetching MFAPI metrics and NAV history...
2026-07-14 03:54:18,499 - Phase5Scheduler - INFO - Step 4: Applying static rules and guardrails...
2026-07-14 03:54:18,506 - Phase5Scheduler - INFO - Daily data refresh completed successfully!
2026-07-15 03:53:58,514 - Phase5Scheduler - INFO - Starting scheduled daily data refresh...
2026-07-15 03:54:04,857 - Phase5Scheduler - INFO - Step 1: Scraping fund pages...
2026-07-15 03:55:06,961 - Phase5Scheduler - INFO - Step 2: Parsing scraped data...
2026-07-15 03:55:07,352 - Phase5Scheduler - INFO - Step 3: Fetching MFAPI metrics and NAV history...
2026-07-15 03:55:21,549 - Phase5Scheduler - INFO - Step 4: Applying static rules and guardrails...
2026-07-15 03:55:21,557 - Phase5Scheduler - INFO - Daily data refresh completed successfully!
2026-07-16 03:56:45,871 - Phase5Scheduler - INFO - Starting scheduled daily data refresh...
2026-07-16 03:56:51,926 - Phase5Scheduler - INFO - Step 1: Scraping fund pages...
2026-07-16 03:57:53,724 - Phase5Scheduler - INFO - Step 2: Parsing scraped data...
2026-07-16 03:57:54,077 - Phase5Scheduler - INFO - Step 3: Fetching MFAPI metrics and NAV history...
2026-07-16 03:58:30,092 - Phase5Scheduler - INFO - Step 4: Applying static rules and guardrails...
2026-07-16 03:58:30,100 - Phase5Scheduler - INFO - Daily data refresh completed successfully!
2026-07-17 03:56:42,425 - Phase5Scheduler - INFO - Starting scheduled daily data refresh...
2026-07-17 03:56:48,452 - Phase5Scheduler - INFO - Step 1: Scraping fund pages...
2026-07-17 03:57:49,242 - Phase5Scheduler - INFO - Step 2: Parsing scraped data...
2026-07-17 03:57:49,571 - Phase5Scheduler - INFO - Step 3: Fetching MFAPI metrics and NAV history...
2026-07-17 03:58:06,815 - Phase5Scheduler - INFO - Step 4: Applying static rules and guardrails...
2026-07-17 03:58:06,822 - Phase5Scheduler - INFO - Daily data refresh completed successfully!
2026-07-18 03:50:10,268 - Phase5Scheduler - INFO - Starting scheduled daily data refresh...
2026-07-18 03:50:16,607 - Phase5Scheduler - INFO - Step 1: Scraping fund pages...
2026-07-18 03:51:17,350 - Phase5Scheduler - INFO - Step 2: Parsing scraped data...
2026-07-18 03:51:17,757 - Phase5Scheduler - INFO - Step 3: Fetching MFAPI metrics and NAV history...
2026-07-18 03:51:27,116 - Phase5Scheduler - INFO - Step 4: Applying static rules and guardrails...
2026-07-18 03:51:27,126 - Phase5Scheduler - INFO - Daily data refresh completed successfully!
2026-07-19 04:18:31,708 - Phase5Scheduler - INFO - Starting scheduled daily data refresh...
2026-07-19 04:18:38,276 - Phase5Scheduler - INFO - Step 1: Scraping fund pages...
2026-07-19 04:19:40,595 - Phase5Scheduler - INFO - Step 2: Parsing scraped data...
2026-07-19 04:19:41,000 - Phase5Scheduler - INFO - Step 3: Fetching MFAPI metrics and NAV history...
2026-07-19 04:21:34,453 - Phase5Scheduler - INFO - Step 4: Applying static rules and guardrails...
2026-07-19 04:21:34,459 - Phase5Scheduler - INFO - Daily data refresh completed successfully!
2026-07-20 04:32:04,453 - Phase5Scheduler - INFO - Starting scheduled daily data refresh...
2026-07-20 04:32:10,859 - Phase5Scheduler - INFO - Step 1: Scraping fund pages...
2026-07-20 04:33:12,529 - Phase5Scheduler - INFO - Step 2: Parsing scraped data...
2026-07-20 04:33:12,930 - Phase5Scheduler - INFO - Step 3: Fetching MFAPI metrics and NAV history...
2026-07-20 04:33:38,885 - Phase5Scheduler - INFO - Step 4: Applying static rules and guardrails...
2026-07-20 04:33:38,894 - Phase5Scheduler - INFO - Daily data refresh completed successfully!
2026-07-21 04:11:35,161 - Phase5Scheduler - INFO - Starting scheduled daily data refresh...
2026-07-21 04:11:41,712 - Phase5Scheduler - INFO - Step 1: Scraping fund pages...
2026-07-21 04:12:43,460 - Phase5Scheduler - INFO - Step 2: Parsing scraped data...
2026-07-21 04:12:43,857 - Phase5Scheduler - INFO - Step 3: Fetching MFAPI metrics and NAV history...
2026-07-21 04:12:51,373 - Phase5Scheduler - INFO - Step 4: Applying static rules and guardrails...
2026-07-21 04:12:51,383 - Phase5Scheduler - INFO - Daily data refresh completed successfully!
2026-07-22 04:12:27,567 - Phase5Scheduler - INFO - Starting scheduled daily data refresh...
2026-07-22 04:12:34,487 - Phase5Scheduler - INFO - Step 1: Scraping fund pages...
2026-07-22 04:13:35,265 - Phase5Scheduler - INFO - Step 2: Parsing scraped data...
2026-07-22 04:13:35,660 - Phase5Scheduler - INFO - Step 3: Fetching MFAPI metrics and NAV history...
2026-07-22 04:14:02,696 - Phase5Scheduler - INFO - Step 4: Applying static rules and guardrails...
2026-07-22 04:14:02,704 - Phase5Scheduler - INFO - Daily data refresh completed successfully!
2026-07-23 04:10:18,036 - Phase5Scheduler - INFO - Starting scheduled daily data refresh...
2026-07-23 04:10:24,872 - Phase5Scheduler - INFO - Step 1: Scraping fund pages...
2026-07-23 04:11:27,783 - Phase5Scheduler - INFO - Step 2: Parsing scraped data...
2026-07-23 04:11:28,183 - Phase5Scheduler - INFO - Step 3: Fetching MFAPI metrics and NAV history...
2026-07-23 04:11:40,267 - Phase5Scheduler - INFO - Step 4: Applying static rules and guardrails...
2026-07-23 04:11:40,275 - Phase5Scheduler - INFO - Daily data refresh completed successfully!
2026-07-24 04:02:18,114 - Phase5Scheduler - INFO - Starting scheduled daily data refresh...
2026-07-24 04:02:24,301 - Phase5Scheduler - INFO - Step 1: Scraping fund pages...
2026-07-24 04:03:25,795 - Phase5Scheduler - INFO - Step 2: Parsing scraped data...
2026-07-24 04:03:26,193 - Phase5Scheduler - INFO - Step 3: Fetching MFAPI metrics and NAV history...
2026-07-24 04:04:11,530 - Phase5Scheduler - INFO - Step 4: Applying static rules and guardrails...
2026-07-24 04:04:11,537 - Phase5Scheduler - INFO - Daily data refresh completed successfully!
2026-07-25 03:57:54,940 - Phase5Scheduler - INFO - Starting scheduled daily data refresh...
2026-07-25 03:58:01,449 - Phase5Scheduler - INFO - Step 1: Scraping fund pages...
2026-07-25 03:59:03,857 - Phase5Scheduler - INFO - Step 2: Parsing scraped data...
2026-07-25 03:59:04,245 - Phase5Scheduler - INFO - Step 3: Fetching MFAPI metrics and NAV history...
2026-07-25 03:59:19,150 - Phase5Scheduler - INFO - Step 4: Applying static rules and guardrails...
2026-07-25 03:59:19,158 - Phase5Scheduler - INFO - Daily data refresh completed successfully!
2026-07-26 04:22:57,781 - Phase5Scheduler - INFO - Starting scheduled daily data refresh...
2026-07-26 04:23:04,082 - Phase5Scheduler - INFO - Step 1: Scraping fund pages...
2026-07-26 04:24:04,688 - Phase5Scheduler - INFO - Step 2: Parsing scraped data...
2026-07-26 04:24:04,922 - Phase5Scheduler - INFO - Step 3: Fetching MFAPI metrics and NAV history...
2026-07-26 04:24:23,204 - Phase5Scheduler - INFO - Step 4: Applying static rules and guardrails...
2026-07-26 04:24:23,211 - Phase5Scheduler - INFO - Daily data refresh completed successfully!
2026-07-27 04:32:26,240 - Phase5Scheduler - INFO - Starting scheduled daily data refresh...
2026-07-27 04:32:32,307 - Phase5Scheduler - INFO - Step 1: Scraping fund pages...
2026-07-27 04:33:33,045 - Phase5Scheduler - INFO - Step 2: Parsing scraped data...
2026-07-27 04:33:33,438 - Phase5Scheduler - INFO - Step 3: Fetching MFAPI metrics and NAV history...
2026-07-27 04:33:57,649 - Phase5Scheduler - INFO - Step 4: Applying static rules and guardrails...
2026-07-27 04:33:57,658 - Phase5Scheduler - INFO - Daily data refresh completed successfully!
2026-07-28 03:56:32,730 - Phase5Scheduler - INFO - Starting scheduled daily data refresh...
2026-07-28 03:56:39,629 - Phase5Scheduler - INFO - Step 1: Scraping fund pages...
2026-07-28 03:57:40,437 - Phase5Scheduler - INFO - Step 2: Parsing scraped data...
2026-07-28 03:57:40,845 - Phase5Scheduler - INFO - Step 3: Fetching MFAPI metrics and NAV history...
2026-07-28 03:57:54,668 - Phase5Scheduler - INFO - Step 4: Applying static rules and guardrails...
2026-07-28 03:57:54,676 - Phase5Scheduler - INFO - Daily data refresh completed successfully!
2026-07-29 03:59:15,595 - Phase5Scheduler - INFO - Starting scheduled daily data refresh...
2026-07-29 03:59:22,123 - Phase5Scheduler - INFO - Step 1: Scraping fund pages...
2026-07-29 04:00:22,855 - Phase5Scheduler - INFO - Step 2: Parsing scraped data...
2026-07-29 04:00:23,157 - Phase5Scheduler - INFO - Step 3: Fetching MFAPI metrics and NAV history...
2026-07-29 04:00:43,452 - Phase5Scheduler - INFO - Step 4: Applying static rules and guardrails...
2026-07-29 04:00:43,461 - Phase5Scheduler - INFO - Daily data refresh completed successfully!
2026-07-30 03:51:18,707 - Phase5Scheduler - INFO - Starting scheduled daily data refresh...
2026-07-30 03:51:25,168 - Phase5Scheduler - INFO - Step 1: Scraping fund pages...
2026-07-30 03:52:25,925 - Phase5Scheduler - INFO - Step 2: Parsing scraped data...
2026-07-30 03:52:26,318 - Phase5Scheduler - INFO - Step 3: Fetching MFAPI metrics and NAV history...
2026-07-30 03:52:35,211 - Phase5Scheduler - INFO - Step 4: Applying static rules and guardrails...
2026-07-30 03:52:35,219 - Phase5Scheduler - INFO - Daily data refresh completed successfully!
2026-07-31 04:17:45,884 - Phase5Scheduler - INFO - Starting scheduled daily data refresh...
2026-07-31 04:17:52,145 - Phase5Scheduler - INFO - Step 1: Scraping fund pages...
2026-07-31 04:18:52,901 - Phase5Scheduler - INFO - Step 2: Parsing scraped data...
2026-07-31 04:18:53,294 - Phase5Scheduler - INFO - Step 3: Fetching MFAPI metrics and NAV history...
2026-07-31 04:19:06,382 - Phase5Scheduler - INFO - Step 4: Applying static rules and guardrails...
2026-07-31 04:19:06,390 - Phase5Scheduler - INFO - Daily data refresh completed successfully!
2026-08-01 04:16:51,375 - Phase5Scheduler - INFO - Starting scheduled daily data refresh...
2026-08-01 04:16:58,223 - Phase5Scheduler - INFO - Step 1: Scraping fund pages...
2026-08-01 04:17:14,135 - Phase5Scheduler - INFO - Step 2: Parsing scraped data...
2026-08-01 04:17:14,547 - Phase5Scheduler - INFO - Step 3: Fetching MFAPI metrics and NAV history...
2026-08-01 04:17:27,277 - Phase5Scheduler - INFO - Step 4: Applying static rules and guardrails...
2026-08-01 04:17:27,286 - Phase5Scheduler - INFO - Daily data refresh completed successfully!
2026-08-02 04:20:01,445 - Phase5Scheduler - INFO - Starting scheduled daily data refresh...
2026-08-02 04:20:07,722 - Phase5Scheduler - INFO - Step 1: Scraping fund pages...
2026-08-02 04:20:22,997 - Phase5Scheduler - INFO - Step 2: Parsing scraped data...
2026-08-02 04:20:23,394 - Phase5Scheduler - INFO - Step 3: Fetching MFAPI metrics and NAV history...
2026-08-02 04:20:29,776 - Phase5Scheduler - INFO - Step 4: Applying static rules and guardrails...
2026-08-02 04:20:29,784 - Phase5Scheduler - INFO - Daily data refresh completed successfully!
2026-08-03 04:24:51,116 - Phase5Scheduler - INFO - Starting scheduled daily data refresh...
2026-08-03 04:24:57,460 - Phase5Scheduler - INFO - Step 1: Scraping fund pages...
2026-08-03 04:25:12,353 - Phase5Scheduler - INFO - Step 2: Parsing scraped data...
2026-08-03 04:25:12,664 - Phase5Scheduler - INFO - Step 3: Fetching MFAPI metrics and NAV history...
2026-08-03 04:25:30,065 - Phase5Scheduler - INFO - Step 4: Applying static rules and guardrails...
2026-08-03 04:25:30,074 - Phase5Scheduler - INFO - Daily data refresh completed successfully!
2026-08-04 03:59:01,097 - Phase5Scheduler - INFO - Starting scheduled daily data refresh...
2026-08-04 03:59:07,333 - Phase5Scheduler - INFO - Step 1: Scraping fund pages...
2026-08-04 03:59:23,618 - Phase5Scheduler - INFO - Step 2: Parsing scraped data...
2026-08-04 03:59:24,031 - Phase5Scheduler - INFO - Step 3: Fetching MFAPI metrics and NAV history...
2026-08-04 03:59:46,271 - Phase5Scheduler - INFO - Step 4: Applying static rules and guardrails...
2026-08-04 03:59:46,279 - Phase5Scheduler - INFO - Daily data refresh completed successfully!
2026-08-05 03:54:11,094 - Phase5Scheduler - INFO - Starting scheduled daily data refresh...
2026-08-05 03:54:17,615 - Phase5Scheduler - INFO - Step 1: Scraping fund pages...
2026-08-05 03:54:32,984 - Phase5Scheduler - INFO - Step 2: Parsing scraped data...
2026-08-05 03:54:33,294 - Phase5Scheduler - INFO - Step 3: Fetching MFAPI metrics and NAV history...
2026-08-05 03:55:00,666 - Phase5Scheduler - INFO - Step 4: Applying static rules and guardrails...
2026-08-05 03:55:00,674 - Phase5Scheduler - INFO - Daily data refresh completed successfully!
2026-08-06 03:58:35,929 - Phase5Scheduler - INFO - Starting scheduled daily data refresh...
2026-08-06 03:58:42,403 - Phase5Scheduler - INFO - Step 1: Scraping fund pages...
2026-08-06 03:58:57,180 - Phase5Scheduler - INFO - Step 2: Parsing scraped data...
2026-08-06 03:58:57,488 - Phase5Scheduler - INFO - Step 3: Fetching MFAPI metrics and NAV history...
2026-08-06 03:59:12,766 - Phase5Scheduler - INFO - Step 4: Applying static rules and guardrails...
2026-08-06 03:59:12,775 - Phase5Scheduler - INFO - Daily data refresh completed successfully!
2026-08-07 03:45:02,712 - Phase5Scheduler - INFO - Starting scheduled daily data refresh...
2026-08-07 03:45:07,367 - Phase5Scheduler - INFO - Step 1: Scraping fund pages...
2026-08-07 03:45:21,491 - Phase5Scheduler - INFO - Step 2: Parsing scraped data...
2026-08-07 03:45:21,743 - Phase5Scheduler - INFO - Step 3: Fetching MFAPI metrics and NAV history...
2026-08-07 03:45:28,570 - Phase5Scheduler - INFO - Step 4: Applying static rules and guardrails...
2026-08-07 03:45:28,614 - Phase5Scheduler - INFO - Daily data refresh completed successfully!
2026-08-08 02:51:17,448 - Phase5Scheduler - INFO - Starting scheduled daily data refresh...
2026-08-08 02:51:23,507 - Phase5Scheduler - INFO - Step 1: Scraping fund pages...
2026-08-08 02:51:39,536 - Phase5Scheduler - INFO - Step 2: Parsing scraped data...
2026-08-08 02:51:39,862 - Phase5Scheduler - INFO - Step 3: Fetching MFAPI metrics and NAV history...
2026-08-08 02:52:13,638 - Phase5Scheduler - INFO - Step 4: Applying static rules and guardrails...
2026-08-08 02:52:13,645 - Phase5Scheduler - INFO - Daily data refresh completed successfully!
2026-08-09 02:57:50,577 - Phase5Scheduler - INFO - Starting scheduled daily data refresh...
2026-08-09 02:57:57,186 - Phase5Scheduler - INFO - Step 1: Scraping fund pages...
2026-08-09 02:58:59,741 - Phase5Scheduler - INFO - Step 2: Parsing scraped data...
2026-08-09 02:59:00,132 - Phase5Scheduler - INFO - Step 3: Fetching MFAPI metrics and NAV history...
2026-08-09 02:59:35,611 - Phase5Scheduler - INFO - Step 4: Applying static rules and guardrails...
2026-08-09 02:59:35,620 - Phase5Scheduler - INFO - Daily data refresh completed successfully!
2026-08-10 03:07:21,390 - Phase5Scheduler - INFO - Starting scheduled daily data refresh...
2026-08-10 03:07:27,850 - Phase5Scheduler - INFO - Step 1: Scraping fund pages...
2026-08-10 03:07:44,249 - Phase5Scheduler - INFO - Step 2: Parsing scraped data...
2026-08-10 03:07:44,559 - Phase5Scheduler - INFO - Step 3: Fetching MFAPI metrics and NAV history...
2026-08-10 03:08:16,617 - Phase5Scheduler - INFO - Step 4: Applying static rules and guardrails...
2026-08-10 03:08:16,626 - Phase5Scheduler - INFO - Daily data refresh completed successfully!
2026-08-11 03:00:55,962 - Phase5Scheduler - INFO - Starting scheduled daily data refresh...
2026-08-11 03:01:02,610 - Phase5Scheduler - INFO - Step 1: Scraping fund pages...
2026-08-11 03:01:17,554 - Phase5Scheduler - INFO - Step 2: Parsing scraped data...
2026-08-11 03:01:17,957 - Phase5Scheduler - INFO - Step 3: Fetching MFAPI metrics and NAV history...
2026-08-11 03:01:24,358 - Phase5Scheduler - INFO - Step 4: Applying static rules and guardrails...
2026-08-11 03:01:24,367 - Phase5Scheduler - INFO - Daily data refresh completed successfully!
2026-08-12 03:19:27,745 - Phase5Scheduler - INFO - Starting scheduled daily data refresh...
2026-08-12 03:19:34,017 - Phase5Scheduler - INFO - Step 1: Scraping fund pages...
2026-08-12 03:19:49,191 - Phase5Scheduler - INFO - Step 2: Parsing scraped data...
2026-08-12 03:19:49,497 - Phase5Scheduler - INFO - Step 3: Fetching MFAPI metrics and NAV history...
2026-08-12 03:19:58,583 - Phase5Scheduler - INFO - Step 4: Applying static rules and guardrails...
2026-08-12 03:19:58,726 - Phase5Scheduler - INFO - Daily data refresh completed successfully!
2026-08-13 03:24:09,747 - Phase5Scheduler - INFO - Starting scheduled daily data refresh...
2026-08-13 03:24:16,194 - Phase5Scheduler - INFO - Step 1: Scraping fund pages...
2026-08-13 03:24:31,947 - Phase5Scheduler - INFO - Step 2: Parsing scraped data...
2026-08-13 03:24:32,354 - Phase5Scheduler - INFO - Step 3: Fetching MFAPI metrics and NAV history...
2026-08-13 03:24:40,518 - Phase5Scheduler - INFO - Step 4: Applying static rules and guardrails...
2026-08-13 03:24:40,881 - Phase5Scheduler - INFO - Daily data refresh completed successfully!
2026-08-14 03:20:55,641 - Phase5Scheduler - INFO - Starting scheduled daily data refresh...
2026-08-14 03:21:02,053 - Phase5Scheduler - INFO - Step 1: Scraping fund pages...
2026-08-14 03:21:17,451 - Phase5Scheduler - INFO - Step 2: Parsing scraped data...
2026-08-14 03:21:17,852 - Phase5Scheduler - INFO - Step 3: Fetching MFAPI metrics and NAV history...
2026-08-14 03:21:48,776 - Phase5Scheduler - INFO - Step 4: Applying static rules and guardrails...
2026-08-14 03:21:48,784 - Phase5Scheduler - INFO - Daily data refresh completed successfully!
2026-08-15 02:09:19,723 - Phase5Scheduler - INFO - Starting scheduled daily data refresh...
2026-08-15 02:09:26,116 - Phase5Scheduler - INFO - Step 1: Scraping fund pages...
2026-08-15 02:09:42,378 - Phase5Scheduler - INFO - Step 2: Parsing scraped data...
2026-08-15 02:09:42,772 - Phase5Scheduler - INFO - Step 3: Fetching MFAPI metrics and NAV history...
2026-08-15 02:09:50,848 - Phase5Scheduler - INFO - Step 4: Applying static rules and guardrails...
2026-08-15 02:09:50,994 - Phase5Scheduler - INFO - Daily data refresh completed successfully!
2026-08-16 02:16:18,771 - Phase5Scheduler - INFO - Starting scheduled daily data refresh...
2026-08-16 02:16:25,678 - Phase5Scheduler - INFO - Step 1: Scraping fund pages...
2026-08-16 02:16:42,289 - Phase5Scheduler - INFO - Step 2: Parsing scraped data...
2026-08-16 02:16:42,597 - Phase5Scheduler - INFO - Step 3: Fetching MFAPI metrics and NAV history...
2026-08-16 02:16:48,518 - Phase5Scheduler - INFO - Step 4: Applying static rules and guardrails...
2026-08-16 02:16:48,526 - Phase5Scheduler - INFO - Daily data refresh completed successfully!
2026-08-17 02:14:34,606 - Phase5Scheduler - INFO - Starting scheduled daily data refresh...
2026-08-17 02:14:41,120 - Phase5Scheduler - INFO - Step 1: Scraping fund pages...
2026-08-17 02:14:56,441 - Phase5Scheduler - INFO - Step 2: Parsing scraped data...
2026-08-17 02:14:56,839 - Phase5Scheduler - INFO - Step 3: Fetching MFAPI metrics and NAV history...
2026-08-17 02:15:09,699 - Phase5Scheduler - INFO - Step 4: Applying static rules and guardrails...
2026-08-17 02:15:09,707 - Phase5Scheduler - INFO - Daily data refresh completed successfully!
2026-08-18 02:10:38,081 - Phase5Scheduler - INFO - Starting scheduled daily data refresh...
2026-08-18 02:10:44,541 - Phase5Scheduler - INFO - Step 1: Scraping fund pages...
2026-08-18 02:10:59,469 - Phase5Scheduler - INFO - Step 2: Parsing scraped data...
2026-08-18 02:10:59,773 - Phase5Scheduler - INFO - Step 3: Fetching MFAPI metrics and NAV history...
2026-08-18 02:11:05,444 - Phase5Scheduler - INFO - Step 4: Applying static rules and guardrails...
2026-08-18 02:11:05,452 - Phase5Scheduler - INFO - Daily data refresh completed successfully!
2026-08-19 02:13:23,330 - Phase5Scheduler - INFO - Starting scheduled daily data refresh...
2026-08-19 02:13:29,543 - Phase5Scheduler - INFO - Step 1: Scraping fund pages...
2026-08-19 02:13:46,531 - Phase5Scheduler - INFO - Step 2: Parsing scraped data...
2026-08-19 02:13:46,847 - Phase5Scheduler - INFO - Step 3: Fetching MFAPI metrics and NAV history...
2026-08-19 02:13:52,876 - Phase5Scheduler - INFO - Step 4: Applying static rules and guardrails...
2026-08-19 02:13:52,885 - Phase5Scheduler - INFO - Daily data refresh completed successfully!
2026-08-20 02:12:13,374 - Phase5Scheduler - INFO - Starting scheduled daily data refresh...
2026-08-20 02:12:19,466 - Phase5Scheduler - INFO - Step 1: Scraping fund pages...
2026-08-20 02:12:36,643 - Phase5Scheduler - INFO - Step 2: Parsing scraped data...
2026-08-20 02:12:36,976 - Phase5Scheduler - INFO - Step 3: Fetching MFAPI metrics and NAV history...
2026-08-20 02:12:43,348 - Phase5Scheduler - INFO - Step 4: Applying static rules and guardrails...
2026-08-20 02:12:43,355 - Phase5Scheduler - INFO - Daily data refresh completed successfully!
2026-08-21 02:18:49,349 - Phase5Scheduler - INFO - Starting scheduled daily data refresh...
2026-08-21 02:18:56,752 - Phase5Scheduler - INFO - Step 1: Scraping fund pages...
2026-08-21 02:19:14,139 - Phase5Scheduler - INFO - Step 2: Parsing scraped data...
2026-08-21 02:19:14,455 - Phase5Scheduler - INFO - Step 3: Fetching MFAPI metrics and NAV history...
2026-08-21 02:19:21,369 - Phase5Scheduler - INFO - Step 4: Applying static rules and guardrails...
2026-08-21 02:19:21,376 - Phase5Scheduler - INFO - Daily data refresh completed successfully!
2026-08-22 02:09:36,228 - Phase5Scheduler - INFO - Starting scheduled daily data refresh...
2026-08-22 02:09:43,220 - Phase5Scheduler - INFO - Step 1: Scraping fund pages...
2026-08-22 02:09:59,878 - Phase5Scheduler - INFO - Step 2: Parsing scraped data...
2026-08-22 02:10:00,291 - Phase5Scheduler - INFO - Step 3: Fetching MFAPI metrics and NAV history...
2026-08-22 02:10:06,724 - Phase5Scheduler - INFO - Step 4: Applying static rules and guardrails...
2026-08-22 02:10:06,733 - Phase5Scheduler - INFO - Daily data refresh completed successfully!
2026-08-23 02:18:54,334 - Phase5Scheduler - INFO - Starting scheduled daily data refresh...
2026-08-23 02:19:00,964 - Phase5Scheduler - INFO - Step 1: Scraping fund pages...
2026-08-23 02:19:16,224 - Phase5Scheduler - INFO - Step 2: Parsing scraped data...
2026-08-23 02:19:16,651 - Phase5Scheduler - INFO - Step 3: Fetching MFAPI metrics and NAV history...
2026-08-23 02:19:23,501 - Phase5Scheduler - INFO - Step 4: Applying static rules and guardrails...
2026-08-23 02:19:23,509 - Phase5Scheduler - INFO - Daily data refresh completed successfully!
2026-08-24 02:17:13,000 - Phase5Scheduler - INFO - Starting scheduled daily data refresh...
2026-08-24 02:17:18,472 - Phase5Scheduler - INFO - Step 1: Scraping fund pages...
2026-08-24 02:17:34,190 - Phase5Scheduler - INFO - Step 2: Parsing scraped data...
2026-08-24 02:17:34,437 - Phase5Scheduler - INFO - Step 3: Fetching MFAPI metrics and NAV history...
2026-08-24 02:17:39,977 - Phase5Scheduler - INFO - Step 4: Applying static rules and guardrails...
2026-08-24 02:17:39,983 - Phase5Scheduler - INFO - Daily data refresh completed successfully!
2026-08-25 02:13:04,956 - Phase5Scheduler - INFO - Starting scheduled daily data refresh...
2026-08-25 02:13:12,100 - Phase5Scheduler - INFO - Step 1: Scraping fund pages...
2026-08-25 02:13:27,830 - Phase5Scheduler - INFO - Step 2: Parsing scraped data...
2026-08-25 02:13:28,195 - Phase5Scheduler - INFO - Step 3: Fetching MFAPI metrics and NAV history...
2026-08-25 02:13:35,018 - Phase5Scheduler - INFO - Step 4: Applying static rules and guardrails...
2026-08-25 02:13:35,026 - Phase5Scheduler - INFO - Daily data refresh completed successfully!
2026-08-26 02:19:09,058 - Phase5Scheduler - INFO - Starting scheduled daily data refresh...
2026-08-26 02:19:15,543 - Phase5Scheduler - INFO - Step 1: Scraping fund pages...
2026-08-26 02:19:30,242 - Phase5Scheduler - INFO - Step 2: Parsing scraped data...
2026-08-26 02:19:30,554 - Phase5Scheduler - INFO - Step 3: Fetching MFAPI metrics and NAV history...
2026-08-26 02:19:36,445 - Phase5Scheduler - INFO - Step 4: Applying static rules and guardrails...
2026-08-26 02:19:36,453 - Phase5Scheduler - INFO - Daily data refresh completed successfully!
2026-08-27 10:45:20,158 - Phase5Scheduler - INFO - Starting scheduled daily data refresh...
2026-08-27 10:45:26,402 - Phase5Scheduler - INFO - Step 1: Scraping fund pages...
2026-08-27 10:45:41,053 - Phase5Scheduler - INFO - Step 2: Parsing scraped data...
2026-08-27 10:45:41,364 - Phase5Scheduler - INFO - Step 3: Fetching MFAPI metrics and NAV history...
2026-08-27 10:45:47,409 - Phase5Scheduler - INFO - Step 4: Applying static rules and guardrails...
2026-08-27 10:45:47,418 - Phase5Scheduler - INFO - Daily data refresh completed successfully!
2026-08-28 12:23:05,931 - Phase5Scheduler - INFO - Starting scheduled daily data refresh...
2026-08-28 12:23:12,900 - Phase5Scheduler - INFO - Step 1: Scraping fund pages...
2026-08-28 12:23:28,619 - Phase5Scheduler - INFO - Step 2: Parsing scraped data...
2026-08-28 12:23:28,940 - Phase5Scheduler - INFO - Step 3: Fetching MFAPI metrics and NAV history...
2026-08-28 12:23:34,871 - Phase5Scheduler - INFO - Step 4: Applying static rules and guardrails...
2026-08-28 12:23:34,880 - Phase5Scheduler - INFO - Daily data refresh completed successfully!
2026-08-29 07:32:32,538 - Phase5Scheduler - INFO - Starting scheduled daily data refresh...
2026-08-29 07:32:37,513 - Phase5Scheduler - INFO - Step 1: Scraping fund pages...
2026-08-29 07:32:51,804 - Phase5Scheduler - INFO - Step 2: Parsing scraped data...
2026-08-29 07:32:52,032 - Phase5Scheduler - INFO - Step 3: Fetching MFAPI metrics and NAV history...
2026-08-29 07:33:02,825 - Phase5Scheduler - INFO - Step 4: Applying static rules and guardrails...
2026-08-29 07:33:02,874 - Phase5Scheduler - INFO - Daily data refresh completed successfully!
2026-08-30 06:03:45,950 - Phase5Scheduler - INFO - Starting scheduled daily data refresh...
2026-08-30 06:03:52,455 - Phase5Scheduler - INFO - Step 1: Scraping fund pages...
2026-08-30 06:04:07,167 - Phase5Scheduler - INFO - Step 2: Parsing scraped data...
2026-08-30 06:04:07,478 - Phase5Scheduler - INFO - Step 3: Fetching MFAPI metrics and NAV history...
2026-08-30 06:04:13,696 - Phase5Scheduler - INFO - Step 4: Applying static rules and guardrails...
2026-08-30 06:04:13,701 - Phase5Scheduler - INFO - Daily data refresh completed successfully!
2026-08-31 06:23:58,763 - Phase5Scheduler - INFO - Starting scheduled daily data refresh...
2026-08-31 06:24:04,136 - Phase5Scheduler - INFO - Step 1: Scraping fund pages...
2026-08-31 06:24:23,619 - Phase5Scheduler - INFO - Step 2: Parsing scraped data...
2026-08-31 06:24:23,844 - Phase5Scheduler - INFO - Step 3: Fetching MFAPI metrics and NAV history...
2026-08-31 06:24:35,433 - Phase5Scheduler - INFO - Step 4: Applying static rules and guardrails...
2026-08-31 06:24:35,762 - Phase5Scheduler - INFO - Daily data refresh completed successfully!
2026-09-01 05:51:23,199 - Phase5Scheduler - INFO - Starting scheduled daily data refresh...
2026-09-01 05:51:29,122 - Phase5Scheduler - INFO - Step 1: Scraping fund pages...
2026-09-01 05:51:43,714 - Phase5Scheduler - INFO - Step 2: Parsing scraped data...
2026-09-01 05:51:44,022 - Phase5Scheduler - INFO - Step 3: Fetching MFAPI metrics and NAV history...
2026-09-01 05:51:50,365 - Phase5Scheduler - INFO - Step 4: Applying static rules and guardrails...
2026-09-01 05:51:50,374 - Phase5Scheduler - INFO - Daily data refresh completed successfully!
2026-09-02 05:14:43,733 - Phase5Scheduler - INFO - Starting scheduled daily data refresh...
2026-09-02 05:14:50,072 - Phase5Scheduler - INFO - Step 1: Scraping fund pages...
2026-09-02 05:15:06,588 - Phase5Scheduler - INFO - Step 2: Parsing scraped data...
2026-09-02 05:15:07,003 - Phase5Scheduler - INFO - Step 3: Fetching MFAPI metrics and NAV history...
2026-09-02 05:15:14,187 - Phase5Scheduler - INFO - Step 4: Applying static rules and guardrails...
2026-09-02 05:15:14,691 - Phase5Scheduler - INFO - Daily data refresh completed successfully!
2026-09-03 05:19:34,317 - Phase5Scheduler - INFO - Starting scheduled daily data refresh...
2026-09-03 05:19:41,301 - Phase5Scheduler - INFO - Step 1: Scraping fund pages...
2026-09-03 05:19:58,569 - Phase5Scheduler - INFO - Step 2: Parsing scraped data...
2026-09-03 05:19:59,182 - Phase5Scheduler - INFO - Step 3: Fetching MFAPI metrics and NAV history...
2026-09-03 05:20:05,384 - Phase5Scheduler - INFO - Step 4: Applying static rules and guardrails...
2026-09-03 05:20:05,533 - Phase5Scheduler - INFO - Daily data refresh completed successfully!
2026-09-04 05:14:12,084 - Phase5Scheduler - INFO - Starting scheduled daily data refresh...
2026-09-04 05:14:18,968 - Phase5Scheduler - INFO - Step 1: Scraping fund pages...
2026-09-04 05:15:19,625 - Phase5Scheduler - INFO - Step 2: Parsing scraped data...
2026-09-04 05:15:20,188 - Phase5Scheduler - INFO - Step 3: Fetching MFAPI metrics and NAV history...
2026-09-04 05:15:27,088 - Phase5Scheduler - INFO - Step 4: Applying static rules and guardrails...
2026-09-04 05:15:27,097 - Phase5Scheduler - INFO - Daily data refresh completed successfully!
2026-09-05 05:03:34,331 - Phase5Scheduler - INFO - Starting scheduled daily data refresh...
2026-09-05 05:03:41,450 - Phase5Scheduler - INFO - Step 1: Scraping fund pages...
2026-09-05 05:04:01,136 - Phase5Scheduler - INFO - Step 2: Parsing scraped data...
2026-09-05 05:04:01,731 - Phase5Scheduler - INFO - Step 3: Fetching MFAPI metrics and NAV history...
2026-09-05 05:04:08,093 - Phase5Scheduler - INFO - Step 4: Applying static rules and guardrails...
2026-09-05 05:04:08,102 - Phase5Scheduler - INFO - Daily data refresh completed successfully!
2026-09-06 05:17:25,705 - Phase5Scheduler - INFO - Starting scheduled daily data refresh...
2026-09-06 05:17:32,024 - Phase5Scheduler - INFO - Step 1: Scraping fund pages...
2026-09-06 05:17:46,384 - Phase5Scheduler - INFO - Step 2: Parsing scraped data...
2026-09-06 05:17:46,899 - Phase5Scheduler - INFO - Step 3: Fetching MFAPI metrics and NAV history...
2026-09-06 05:17:52,537 - Phase5Scheduler - INFO - Step 4: Applying static rules and guardrails...
2026-09-06 05:17:52,546 - Phase5Scheduler - INFO - Daily data refresh completed successfully!
2026-09-07 05:26:30,879 - Phase5Scheduler - INFO - Starting scheduled daily data refresh...
2026-09-07 05:26:37,187 - Phase5Scheduler - INFO - Step 1: Scraping fund pages...
2026-09-07 05:26:52,333 - Phase5Scheduler - INFO - Step 2: Parsing scraped data...
2026-09-07 05:26:52,794 - Phase5Scheduler - INFO - Step 3: Fetching MFAPI metrics and NAV history...
2026-09-07 05:26:59,731 - Phase5Scheduler - INFO - Step 4: Applying static rules and guardrails...
2026-09-07 05:26:59,737 - Phase5Scheduler - INFO - Daily data refresh completed successfully!
2026-09-08 05:27:18,076 - Phase5Scheduler - INFO - Starting scheduled daily data refresh...
2026-09-08 05:27:23,766 - Phase5Scheduler - INFO - Step 1: Scraping fund pages...
2026-09-08 05:27:38,927 - Phase5Scheduler - INFO - Step 2: Parsing scraped data...
2026-09-08 05:27:39,463 - Phase5Scheduler - INFO - Step 3: Fetching MFAPI metrics and NAV history...
2026-09-08 05:27:46,251 - Phase5Scheduler - INFO - Step 4: Applying static rules and guardrails...
2026-09-08 05:27:46,259 - Phase5Scheduler - INFO - Daily data refresh completed successfully!
2026-09-09 05:31:41,226 - Phase5Scheduler - INFO - Starting scheduled daily data refresh...
2026-09-09 05:31:48,354 - Phase5Scheduler - INFO - Step 1: Scraping fund pages...
2026-09-09 05:32:05,011 - Phase5Scheduler - INFO - Step 2: Parsing scraped data...
2026-09-09 05:32:05,640 - Phase5Scheduler - INFO - Step 3: Fetching MFAPI metrics and NAV history...
2026-09-09 05:32:12,285 - Phase5Scheduler - INFO - Step 4: Applying static rules and guardrails...
2026-09-09 05:32:12,294 - Phase5Scheduler - INFO - Daily data refresh completed successfully!
